date,raw_daily,raw_weekly,depression2_harmonized_daily
2015.12.27,59,60,32.457005
2015.12.28,64,60,35.2076
2015.12.29,58,60,31.906887
2015.12.30,78,60,42.909264
2015.12.31,48,60,26.405701
2016.01.01,50,60,27.505938
2016.01.02,64,60,35.2076
2016.01.03,67,75,38.107071
2016.01.04,74,75,42.088406
2016.01.05,77,75,43.794697
2016.01.06,74,75,42.088406
2016.01.07,78,75,44.363457
2016.01.08,71,75,40.382122
2016.01.09,68,75,38.675835
2016.01.10,69,79,38.536373
2016.01.11,87,79,48.589336
2016.01.12,87,79,48.589336
2016.01.13,82,79,45.796848
2016.01.14,78,79,43.562855
2016.01.15,74,79,41.328861
2016.01.16,69,79,38.536373
2016.01.17,73,76,41.342236
2016.01.18,75,76,42.474899
2016.01.19,73,76,41.342236
2016.01.20,84,76,47.571892
2016.01.21,76,76,43.041237
2016.01.22,73,76,41.342236
2016.01.23,64,76,36.245251
2016.01.24,72,75,40.084614
2016.01.25,78,75,43.424999
2016.01.26,76,75,42.311539
2016.01.27,77,75,42.868271
2016.01.28,77,75,42.868271
2016.01.29,73,75,40.641346
2016.01.30,67,75,37.300964
2016.01.31,79,83,43.637966
2016.02.01,91,83,50.266518
2016.02.02,92,83,50.818897
2016.02.03,77,83,42.533207
2016.02.04,93,83,51.371277
2016.02.05,76,83,41.980827
2016.02.06,72,83,39.771309
2016.02.07,79,81,43.87236
2016.02.08,89,81,49.425823
2016.02.09,88,81,48.87048
2016.02.10,75,81,41.650978
2016.02.11,78,81,43.317013
2016.02.12,77,81,42.761665
2016.02.13,77,81,42.761665
2016.02.14,80,81,44.58609
2016.02.15,80,81,44.58609
2016.02.16,76,81,42.356789
2016.02.17,88,81,49.044701
2016.02.18,81,81,45.143417
2016.02.19,74,81,41.242134
2016.02.20,82,81,45.700745
2016.02.21,84,83,46.884876
2016.02.22,87,83,48.559338
2016.02.23,88,83,49.117489
2016.02.24,87,83,48.559338
2016.02.25,89,83,49.675644
2016.02.26,72,83,40.187038
2016.02.27,67,83,37.396271
2016.02.28,78,79,42.85643
2016.02.29,79,79,43.405872
2016.03.01,81,79,44.504757
2016.03.02,78,79,42.85643
2016.03.03,92,79,50.548615
2016.03.04,73,79,40.109226
2016.03.05,74,79,40.658669
2016.03.06,78,77,43.659435
2016.03.07,80,77,44.778908
2016.03.08,77,77,43.099697
2016.03.09,83,77,46.458118
2016.03.10,78,77,43.659435
2016.03.11,62,77,34.703651
2016.03.12,73,77,40.860752
2016.03.13,79,77,43.241951
2016.03.14,79,77,43.241951
2016.03.15,81,77,44.336681
2016.03.16,79,77,43.241951
2016.03.17,79,77,43.241951
2016.03.18,77,77,42.147217
2016.03.19,69,77,37.768288
2016.03.20,74,76,41.192863
2016.03.21,79,76,43.976162
2016.03.22,78,76,43.419506
2016.03.23,73,76,40.636204
2016.03.24,81,76,45.089489
2016.03.25,77,76,42.862843
2016.03.26,65,76,36.182922
2016.03.27,72,76,40.619076
2016.03.28,77,76,43.439846
2016.03.29,84,76,47.388924
2016.03.30,81,76,45.696457
2016.03.31,68,76,38.362461
2016.04.01,72,76,40.619076
2016.04.02,66,76,37.23415
2016.04.03,74,77,40.430656
2016.04.04,85,77,46.440624
2016.04.05,84,77,45.89426
2016.04.06,75,77,40.97702
2016.04.07,80,77,43.70882
2016.04.08,83,77,45.3479
2016.04.09,63,77,34.420696
2016.04.10,76,76,41.51836
2016.04.11,80,76,43.703537
2016.04.12,83,76,45.342419
2016.04.13,88,76,48.073891
2016.04.14,71,76,38.786888
2016.04.15,73,76,39.879478
2016.04.16,66,76,36.05542
2016.04.17,78,79,43.562855
2016.04.18,80,79,44.679848
2016.04.19,89,79,49.706333
2016.04.20,80,79,44.679848
2016.04.21,74,79,41.328861
2016.04.22,71,79,39.65337
2016.04.23,74,79,41.328861
2016.04.24,85,79,47.299088
2016.04.25,84,79,46.74263
2016.04.26,86,79,47.855549
2016.04.27,88,79,48.968468
2016.04.28,69,79,38.395733
2016.04.29,65,79,36.169891
2016.04.30,71,79,39.508652
2016.05.01,61,69,33.847374
2016.05.02,74,69,41.060749
2016.05.03,56,69,31.073
2016.05.04,69,69,38.286377
2016.05.05,68,69,37.731503
2016.05.06,81,69,44.944874
2016.05.07,71,69,39.396122
2016.05.08,91,85,50.264481
2016.05.09,94,85,51.921551
2016.05.10,87,85,48.055054
2016.05.11,86,85,47.502697
2016.05.12,82,85,45.29327
2016.05.13,80,85,44.188557
2016.05.14,74,85,40.874416
2016.05.15,83,82,45.848446
2016.05.16,85,82,46.953232
2016.05.17,78,82,43.086491
2016.05.18,85,82,46.953232
2016.05.19,87,82,48.05801
2016.05.20,81,82,44.743668
2016.05.21,74,82,40.87693
2016.05.22,73,81,39.488201
2016.05.23,95,81,51.388756
2016.05.24,83,81,44.897545
2016.05.25,91,81,49.225018
2016.05.26,88,81,47.602215
2016.05.27,79,81,42.733807
2016.05.28,69,81,37.324463
2016.05.29,85,81,46.543083
2016.05.30,86,81,47.090649
2016.05.31,86,81,47.090649
2016.06.01,83,81,45.447948
2016.06.02,86,81,47.090649
2016.06.03,76,81,41.614994
2016.06.04,69,81,37.782032
2016.06.05,86,85,47.743816
2016.06.06,93,85,51.629944
2016.06.07,88,85,48.854141
2016.06.08,90,85,49.964462
2016.06.09,85,85,47.188656
2016.06.10,80,85,44.412857
2016.06.11,69,85,38.306091
2016.06.12,90,83,49.628571
2016.06.13,91,83,50.18
2016.06.14,82,83,45.217144
2016.06.15,87,83,47.974285
2016.06.16,91,83,50.18
2016.06.17,71,83,39.151428
2016.06.18,69,83,38.048573
2016.06.19,76,81,41.761265
2016.06.20,100,81,54.949032
2016.06.21,91,81,50.003616
2016.06.22,87,81,47.805656
2016.06.23,76,81,41.761265
2016.06.24,66,81,36.266361
2016.06.25,73,81,40.112793
2016.06.26,85,80,46.95528
2016.06.27,93,80,51.374599
2016.06.28,91,80,50.269772
2016.06.29,81,80,44.745617
2016.06.30,73,80,40.326298
2016.07.01,72,80,39.773884
2016.07.02,64,80,35.354565
2016.07.03,78,79,42.933792
2016.07.04,90,79,49.53899
2016.07.05,82,79,45.135521
2016.07.06,83,79,45.685955
2016.07.07,86,79,47.337254
2016.07.08,71,79,39.080757
2016.07.09,64,79,35.227726
2016.07.10,79,79,43.641777
2016.07.11,78,79,43.089348
2016.07.12,80,79,44.194202
2016.07.13,83,79,45.851486
2016.07.14,84,79,46.403915
2016.07.15,80,79,44.194202
2016.07.16,68,79,37.565075
2016.07.17,65,74,35.912189
2016.07.18,76,74,41.989632
2016.07.19,84,74,46.409595
2016.07.20,78,74,43.094624
2016.07.21,74,74,40.884644
2016.07.22,68,74,37.569672
2016.07.23,72,74,39.779652
2016.07.24,73,73,39.787121
2016.07.25,70,73,38.152031
2016.07.26,81,73,44.147354
2016.07.27,77,73,41.967236
2016.07.28,73,73,39.787121
2016.07.29,76,73,41.422203
2016.07.30,67,73,36.516945
2016.07.31,71,73,38.998791
2016.08.01,73,73,40.097347
2016.08.02,90,73,49.435089
2016.08.03,77,73,42.294464
2016.08.04,72,73,39.548069
2016.08.05,69,73,37.900234
2016.08.06,61,73,33.506004
2016.08.07,68,62,36.735352
2016.08.08,66,62,35.654896
2016.08.09,73,62,39.436478
2016.08.10,60,62,32.413544
2016.08.11,59,62,31.87332
2016.08.12,64,62,34.574448
2016.08.13,53,62,28.631964
2016.08.14,60,71,32.953106
2016.08.15,75,71,41.191383
2016.08.16,80,71,43.937473
2016.08.17,83,71,45.585129
2016.08.18,59,71,32.403889
2016.08.19,69,71,37.896072
2016.08.20,73,71,40.092945
2016.08.21,71,76,38.429073
2016.08.22,75,76,40.594093
2016.08.23,80,76,43.300369
2016.08.24,89,76,48.171661
2016.08.25,76,76,41.135349
2016.08.26,75,76,40.594093
2016.08.27,76,76,41.135349
2016.08.28,75,79,41.582726
2016.08.29,82,79,45.463783
2016.08.30,79,79,43.800472
2016.08.31,86,79,47.681526
2016.09.01,81,79,44.909344
2016.09.02,76,79,42.137161
2016.09.03,71,79,39.364983
2016.09.04,85,82,46.227146
2016.09.05,100,82,54.384876
2016.09.06,81,82,44.05175
2016.09.07,87,82,47.314846
2016.09.08,83,82,45.13945
2016.09.09,77,82,41.876358
2016.09.10,69,82,37.525566
2016.09.11,83,81,44.58897
2016.09.12,95,81,51.035564
2016.09.13,86,81,46.200615
2016.09.14,80,81,42.977318
2016.09.15,89,81,47.812267
2016.09.16,74,81,39.754017
2016.09.17,75,81,40.291237
2016.09.18,64,77,35.291428
2016.09.19,79,77,43.562855
2016.09.20,83,77,45.76857
2016.09.21,79,77,43.562855
2016.09.22,82,77,45.217144
2016.09.23,84,77,46.32
2016.09.24,68,77,37.497143
2016.09.25,88,80,47.590897
2016.09.26,92,80,49.75412
2016.09.27,91,80,49.213314
2016.09.28,87,80,47.050091
2016.09.29,80,80,43.26445
2016.09.30,70,80,37.856392
2016.10.01,63,80,34.070755
2016.10.02,87,83,47.003475
2016.10.03,91,83,49.164551
2016.10.04,86,83,46.463203
2016.10.05,87,83,47.003475
2016.10.06,95,83,51.325634
2016.10.07,71,83,38.359158
2016.10.08,76,83,41.060505
2016.10.09,67,80,36.233974
2016.10.10,94,80,50.835728
2016.10.11,96,80,51.917339
2016.10.12,87,80,47.050091
2016.10.13,79,80,42.723644
2016.10.14,77,80,41.642033
2016.10.15,71,80,38.397198
2016.10.16,90,82,48.282715
2016.10.17,92,82,49.355663
2016.10.18,90,82,48.282715
2016.10.19,97,82,52.038033
2016.10.20,82,82,43.990917
2016.10.21,66,82,35.407326
2016.10.22,73,82,39.162643
2016.10.23,82,80,44.268528
2016.10.24,83,80,44.808388
2016.10.25,83,80,44.808388
2016.10.26,92,80,49.667133
2016.10.27,94,80,50.746853
2016.10.28,75,80,40.48951
2016.10.29,63,80,34.011189
2016.10.30,82,79,44.335247
2016.10.31,87,79,47.038616
2016.11.01,84,79,45.416595
2016.11.02,80,79,43.253902
2016.11.03,71,79,38.387836
2016.11.04,81,79,43.794575
2016.11.05,79,79,42.713226
2016.11.06,87,74,47.881847
2016.11.07,88,74,48.432213
2016.11.08,69,74,37.975258
2016.11.09,70,74,38.525623
2016.11.10,76,74,41.82782
2016.11.11,65,74,35.773792
2016.11.12,64,74,35.223427
2016.11.13,85,78,46.111351
2016.11.14,84,78,45.568867
2016.11.15,77,78,41.771458
2016.11.16,87,78,47.196323
2016.11.17,84,78,45.568867
2016.11.18,74,78,40.144001
2016.11.19,64,78,34.719135
2016.11.20,80,75,43.863632
2016.11.21,85,75,46.605114
2016.11.22,74,75,40.573864
2016.11.23,77,75,42.218746
2016.11.24,70,75,38.38068
2016.11.25,75,75,41.122158
2016.11.26,67,75,36.735794
2016.11.27,84,81,45.048782
2016.11.28,84,81,45.048782
2016.11.29,86,81,46.121372
2016.11.30,89,81,47.730259
2016.12.01,85,81,45.585075
2016.12.02,85,81,45.585075
2016.12.03,70,81,37.540653
2016.12.04,77,74,41.342632
2016.12.05,84,74,45.101051
2016.12.06,85,74,45.637966
2016.12.07,79,74,42.416466
2016.12.08,78,74,41.879547
2016.12.09,71,74,38.121124
2016.12.10,58,74,31.141201
2016.12.11,71,72,38.539684
2016.12.12,77,72,41.796558
2016.12.13,80,72,43.424995
2016.12.14,80,72,43.424995
2016.12.15,76,72,41.253746
2016.12.16,64,72,34.739998
2016.12.17,64,72,34.739998
2016.12.18,70,70,37.379444
2016.12.19,80,70,42.719364
2016.12.20,84,70,44.855335
2016.12.21,80,70,42.719364
2016.12.22,65,70,34.709484
2016.12.23,68,70,36.311462
2016.12.24,59,70,31.505533
2016.12.25,66,64,36.557491
2016.12.26,74,64,40.988701
2016.12.27,70,64,38.773094
2016.12.28,64,64,35.449684
2016.12.29,63,64,34.895782
2016.12.30,59,64,32.68018
2016.12.31,50,64,27.695068
2017.01.01,49,66,32.008308
2017.01.02,50,66,32.661537
2017.01.03,49,66,32.008308
2017.01.04,60,66,39.193844
2017.01.05,63,66,41.153538
2017.01.06,62,66,40.500305
2017.01.07,57,66,37.234154
2017.01.08,63,79,40.275089
2017.01.09,66,79,42.192951
2017.01.10,75,79,47.946537
2017.01.11,72,79,46.028675
2017.01.12,72,79,46.028675
2017.01.13,64,79,40.914379
2017.01.14,65,79,41.553665
2017.01.15,64,81,41.004589
2017.01.16,73,81,46.770863
2017.01.17,72,81,46.130165
2017.01.18,77,81,49.333649
2017.01.19,74,81,47.411556
2017.01.20,62,81,39.723198
2017.01.21,66,81,42.285984
2017.01.22,75,82,47.860893
2017.01.23,71,82,45.308308
2017.01.24,71,82,45.308308
2017.01.25,76,82,48.499035
2017.01.26,68,82,43.393875
2017.01.27,73,82,46.584599
2017.01.28,62,82,39.565002
2017.01.29,73,79,46.864464
2017.01.30,82,79,52.642273
2017.01.31,68,79,43.654572
2017.02.01,65,79,41.72863
2017.02.02,66,79,42.370613
2017.02.03,64,79,41.086655
2017.02.04,57,79,36.5928
2017.02.05,64,75,41.635952
2017.02.06,68,75,44.238201
2017.02.07,70,75,45.539322
2017.02.08,62,75,40.334831
2017.02.09,62,75,40.334831
2017.02.10,63,75,40.98539
2017.02.11,56,75,36.431458
2017.02.12,66,79,41.929253
2017.02.13,71,79,45.105709
2017.02.14,72,79,45.741001
2017.02.15,74,79,47.011585
2017.02.16,68,79,43.199837
2017.02.17,69,79,43.835125
2017.02.18,60,79,38.1175
2017.02.19,72,80,45.842476
2017.02.20,74,80,47.115879
2017.02.21,64,80,40.748867
2017.02.22,72,80,45.842476
2017.02.23,72,80,45.842476
2017.02.24,65,80,41.385571
2017.02.25,66,80,42.02227
2017.02.26,73,76,45.857128
2017.02.27,76,76,47.741669
2017.02.28,70,76,43.972591
2017.03.01,65,76,40.831688
2017.03.02,62,76,38.947151
2017.03.03,63,76,39.575333
2017.03.04,58,76,36.434429
2017.03.05,67,76,42.821613
2017.03.06,71,76,45.378124
2017.03.07,67,76,42.821613
2017.03.08,66,76,42.182484
2017.03.09,71,76,45.378124
2017.03.10,58,76,37.069458
2017.03.11,59,76,37.708584
2017.03.12,69,78,43.735836
2017.03.13,69,78,43.735836
2017.03.14,78,78,49.44051
2017.03.15,73,78,46.271244
2017.03.16,67,78,42.468128
2017.03.17,59,78,37.397308
2017.03.18,60,78,38.031162
2017.03.19,58,74,37.652542
2017.03.20,63,74,40.898453
2017.03.21,71,74,46.091904
2017.03.22,67,74,43.495178
2017.03.23,68,74,44.14436
2017.03.24,62,74,40.249271
2017.03.25,51,74,33.108269
2017.03.26,67,73,42.520859
2017.03.27,67,73,42.520859
2017.03.28,61,73,38.713017
2017.03.29,66,73,41.886219
2017.03.30,64,73,40.61694
2017.03.31,62,73,39.34766
2017.04.01,57,73,36.174461
2017.04.02,54,72,34.659767
2017.04.03,68,72,43.645634
2017.04.04,67,72,43.003788
2017.04.05,60,72,38.510853
2017.04.06,65,72,41.720089
2017.04.07,59,72,37.869003
2017.04.08,60,72,38.510853
2017.04.09,69,77,43.727463
2017.04.10,67,77,42.459999
2017.04.11,76,77,48.163582
2017.04.12,70,77,44.361195
2017.04.13,67,77,42.459999
2017.04.14,63,77,39.925076
2017.04.15,57,77,36.122684
2017.04.16,66,81,41.024971
2017.04.17,72,81,44.754513
2017.04.18,69,81,42.889744
2017.04.19,65,81,40.403378
2017.04.20,74,81,45.997696
2017.04.21,73,81,45.376102
2017.04.22,84,81,52.2136
2017.04.23,77,83,49.437397
2017.04.24,83,83,53.289661
2017.04.25,74,83,47.511265
2017.04.26,76,83,48.795353
2017.04.27,67,83,43.016956
2017.04.28,63,83,40.448776
2017.04.29,59,83,37.880604
2017.04.30,56,67,36.4804
2017.05.01,54,67,35.177528
2017.05.02,57,67,37.131836
2017.05.03,56,67,36.4804
2017.05.04,56,67,36.4804
2017.05.05,61,67,39.737579
2017.05.06,57,67,37.131836
2017.05.07,73,84,46.32
2017.05.08,72,84,45.685482
2017.05.09,78,84,49.492603
2017.05.10,80,84,50.761642
2017.05.11,71,84,45.050961
2017.05.12,75,84,47.589039
2017.05.13,62,84,39.340275
2017.05.14,77,84,48.762657
2017.05.15,79,84,50.029217
2017.05.16,74,84,46.862812
2017.05.17,76,84,48.129375
2017.05.18,75,84,47.496094
2017.05.19,65,84,41.16328
2017.05.20,66,84,41.796562
2017.05.21,71,84,45.586216
2017.05.22,79,84,50.722691
2017.05.23,78,84,50.080627
2017.05.24,75,84,48.154453
2017.05.25,74,84,47.51239
2017.05.26,65,84,41.73386
2017.05.27,63,84,40.449738
2017.05.28,72,84,45.864994
2017.05.29,72,84,45.864994
2017.05.30,79,84,50.324085
2017.05.31,78,84,49.687073
2017.06.01,84,84,53.509155
2017.06.02,62,84,39.494854
2017.06.03,62,84,39.494854
2017.06.04,73,82,46.027809
2017.06.05,75,82,47.288845
2017.06.06,80,82,50.441433
2017.06.07,74,82,46.658329
2017.06.08,74,82,46.658329
2017.06.09,66,82,41.614182
2017.06.10,60,82,37.831074
2017.06.11,73,84,45.694054
2017.06.12,76,84,47.571892
2017.06.13,81,84,50.701622
2017.06.14,76,84,47.571892
2017.06.15,74,84,46.32
2017.06.16,75,84,46.94595
2017.06.17,63,84,39.434597
2017.06.18,72,78,44.604443
2017.06.19,77,78,47.701969
2017.06.20,69,78,42.745926
2017.06.21,75,78,46.462959
2017.06.22,66,78,40.887402
2017.06.23,66,78,40.887402
2017.06.24,61,78,37.789875
2017.06.25,100,90,63.626373
2017.06.26,83,90,52.809891
2017.06.27,78,90,49.628571
2017.06.28,83,90,52.809891
2017.06.29,68,90,43.265934
2017.06.30,72,90,45.810986
2017.07.01,62,90,39.448349
2017.07.02,74,82,43.455437
2017.07.03,80,82,46.978851
2017.07.04,71,82,41.693729
2017.07.05,73,82,42.868202
2017.07.06,76,82,44.629906
2017.07.07,89,82,52.263969
2017.07.08,76,82,44.629906
2017.07.09,85,81,51.704472
2017.07.10,81,81,49.27132
2017.07.11,85,81,51.704472
2017.07.12,67,81,40.755291
2017.07.13,74,81,45.013306
2017.07.14,62,81,37.713852
2017.07.15,60,81,36.497272
2017.07.16,66,76,39.513798
2017.07.17,72,76,43.105961
2017.07.18,79,76,47.296818
2017.07.19,77,76,46.09943
2017.07.20,72,76,43.105961
2017.07.21,65,76,38.915104
2017.07.22,59,76,35.322941
2017.07.23,73,75,43.217793
2017.07.24,81,75,47.953991
2017.07.25,70,75,41.441723
2017.07.26,77,75,45.585892
2017.07.27,68,75,40.257671
2017.07.28,60,75,35.521473
2017.07.29,60,75,35.521473
2017.07.30,62,70,37.901356
2017.07.31,64,70,39.123981
2017.08.01,73,70,44.625793
2017.08.02,65,70,39.735294
2017.08.03,68,70,41.569229
2017.08.04,57,70,34.844795
2017.08.05,53,70,32.399548
2017.08.06,60,67,36.770615
2017.08.07,63,67,38.609146
2017.08.08,67,67,41.06052
2017.08.09,67,67,41.06052
2017.08.10,59,67,36.157772
2017.08.11,53,67,32.480709
2017.08.12,53,67,32.480709
2017.08.13,62,72,37.055996
2017.08.14,66,72,39.446705
2017.08.15,67,72,40.04438
2017.08.16,73,72,43.630447
2017.08.17,65,72,38.84903
2017.08.18,68,72,40.642059
2017.08.19,64,72,38.25135
2017.08.20,70,76,41.401615
2017.08.21,84,76,49.681938
2017.08.22,75,76,44.358871
2017.08.23,70,76,41.401615
2017.08.24,73,76,43.175972
2017.08.25,62,76,36.669998
2017.08.26,62,76,36.669998
2017.08.27,75,78,45.618179
2017.08.28,75,78,45.618179
2017.08.29,76,78,46.226425
2017.08.30,73,78,44.401699
2017.08.31,71,78,43.185215
2017.09.01,62,78,37.711029
2017.09.02,63,78,38.319275
2017.09.03,72,84,43.072472
2017.09.04,89,84,53.242359
2017.09.05,83,84,49.652988
2017.09.06,79,84,47.260071
2017.09.07,86,84,51.447674
2017.09.08,65,84,38.884869
2017.09.09,68,84,40.679558
2017.09.10,71,75,42.293209
2017.09.11,76,75,45.271606
2017.09.12,71,75,42.293209
2017.09.13,73,75,43.484566
2017.09.14,72,75,42.888889
2017.09.15,61,75,36.336422
2017.09.16,62,75,36.932098
2017.09.17,59,76,34.825432
2017.09.18,69,76,40.728046
2017.09.19,90,76,53.123539
2017.09.20,77,76,45.450138
2017.09.21,72,76,42.498829
2017.09.22,72,76,42.498829
2017.09.23,58,76,34.235172
2017.09.24,78,81,45.927464
2017.09.25,82,81,48.282715
2017.09.26,78,81,45.927464
2017.09.27,87,81,51.226784
2017.09.28,76,81,44.749832
2017.09.29,67,81,39.450512
2017.09.30,63,81,37.095257
2017.10.01,70,76,41.738213
2017.10.02,76,76,45.315773
2017.10.03,71,76,42.334473
2017.10.04,77,76,45.912033
2017.10.05,75,76,44.719513
2017.10.06,63,76,37.564392
2017.10.07,60,76,35.775612
2017.10.08,65,76,38.367001
2017.10.09,73,76,43.089096
2017.10.10,74,76,43.679356
2017.10.11,72,76,42.498829
2017.10.12,72,76,42.498829
2017.10.13,76,76,44.859879
2017.10.14,65,76,38.367001
2017.10.15,73,78,44.67244
2017.10.16,77,78,47.120243
2017.10.17,75,78,45.896339
2017.10.18,66,78,40.388783
2017.10.19,70,78,42.836586
2017.10.20,66,78,40.388783
2017.10.21,65,78,39.776829
2017.10.22,60,78,35.560635
2017.10.23,72,78,42.67276
2017.10.24,78,78,46.228825
2017.10.25,76,78,45.043465
2017.10.26,70,78,41.487404
2017.10.27,81,78,48.006851
2017.10.28,71,78,42.080082
2017.10.29,81,77,48.734455
2017.10.30,71,77,42.717854
2017.10.31,80,77,48.132793
2017.11.01,73,77,43.921177
2017.11.02,64,77,38.506237
2017.11.03,62,77,37.302914
2017.11.04,63,77,37.904575
2017.11.05,71,82,42.562344
2017.11.06,77,82,46.159164
2017.11.07,81,82,48.557041
2017.11.08,70,82,41.962875
2017.11.09,88,82,52.753326
2017.11.10,77,82,46.159164
2017.11.11,64,82,38.366058
2017.11.12,71,76,42.857117
2017.11.13,75,76,45.271603
2017.11.14,76,76,45.875225
2017.11.15,73,76,44.064362
2017.11.16,75,76,45.271603
2017.11.17,60,76,36.217281
2017.11.18,56,76,33.802795
2017.11.19,65,68,39.493519
2017.11.20,75,68,45.569443
2017.11.21,62,68,37.670738
2017.11.22,59,68,35.847961
2017.11.23,57,68,34.632774
2017.11.24,58,68,35.240368
2017.11.25,56,68,34.025185
2017.11.26,78,77,47.120247
2017.11.27,73,77,44.099716
2017.11.28,67,77,40.475079
2017.11.29,79,77,47.72435
2017.11.30,72,77,43.495609
2017.12.01,60,77,36.246346
2017.12.02,63,77,38.058659
2017.12.03,69,77,42.111256
2017.12.04,73,77,44.552486
2017.12.05,70,77,42.721561
2017.12.06,67,77,40.890636
2017.12.07,73,77,44.552486
2017.12.08,74,77,45.162796
2017.12.09,61,77,37.22879
2017.12.10,68,77,41.672077
2017.12.11,68,77,41.672077
2017.12.12,71,77,43.510555
2017.12.13,72,77,44.123383
2017.12.14,74,77,45.34903
2017.12.15,69,77,42.284904
2017.12.16,63,77,38.607956
2017.12.17,67,86,40.292244
2017.12.18,78,86,46.907394
2017.12.19,100,86,60.137684
2017.12.20,87,86,52.319786
2017.12.21,80,86,48.110149
2017.12.22,77,86,46.306015
2017.12.23,63,86,37.886742
2017.12.24,63,63,37.827999
2017.12.25,59,63,35.426224
2017.12.26,63,63,37.827999
2017.12.27,63,63,37.827999
2017.12.28,55,63,33.024445
2017.12.29,51,63,30.622665
2017.12.30,51,63,30.622665
2017.12.31,35,64,28.821333
2018.01.01,38,64,31.291733
2018.01.02,40,64,32.938667
2018.01.03,46,64,37.879467
2018.01.04,50,64,41.173332
2018.01.05,42,64,34.585602
2018.01.06,49,64,40.349865
2018.01.07,49,78,40.198692
2018.01.08,57,78,46.761745
2018.01.09,57,78,46.761745
2018.01.10,54,78,44.300598
2018.01.11,61,78,50.04327
2018.01.12,46,78,37.737553
2018.01.13,43,78,35.276405
2018.01.14,54,82,44.05175
2018.01.15,54,82,44.05175
2018.01.16,59,82,48.130619
2018.01.17,57,82,46.499073
2018.01.18,63,82,51.393711
2018.01.19,50,82,40.788658
2018.01.20,51,82,41.604435
2018.01.21,54,78,44.421642
2018.01.22,50,78,41.131145
2018.01.23,56,78,46.066887
2018.01.24,56,78,46.066887
2018.01.25,55,78,45.244263
2018.01.26,47,78,38.663277
2018.01.27,48,78,39.485901
2018.01.28,53,76,42.365341
2018.01.29,60,76,47.960762
2018.01.30,55,76,43.964035
2018.01.31,56,76,44.763378
2018.02.01,51,76,40.766647
2018.02.02,43,76,34.37188
2018.02.03,49,76,39.167957
2018.02.04,55,77,44.181351
2018.02.05,57,77,45.787945
2018.02.06,52,77,41.771458
2018.02.07,52,77,41.771458
2018.02.08,54,77,43.378052
2018.02.09,49,77,39.361568
2018.02.10,51,77,40.968163
2018.02.11,47,72,37.861561
2018.02.12,49,72,39.472698
2018.02.13,51,72,41.083824
2018.02.14,51,72,41.083824
2018.02.15,54,72,43.500519
2018.02.16,46,72,37.055996
2018.02.17,47,72,37.861561
2018.02.18,52,75,40.907604
2018.02.19,55,75,43.267658
2018.02.20,52,75,40.907604
2018.02.21,54,75,42.480976
2018.02.22,59,75,46.414402
2018.02.23,51,75,40.120922
2018.02.24,45,75,35.40081
2018.02.25,59,76,46.032551
2018.02.26,59,76,46.032551
2018.02.27,54,76,42.131489
2018.02.28,57,76,44.472126
2018.03.01,50,76,39.010639
2018.03.02,52,76,40.571064
2018.03.03,45,76,35.109573
2018.03.04,54,90,43.728668
2018.03.05,100,90,80.979019
2018.03.06,58,90,46.967834
2018.03.07,60,90,48.587414
2018.03.08,59,90,47.777622
2018.03.09,52,90,42.109093
2018.03.10,46,90,37.250351
2018.03.11,53,77,43.276539
2018.03.12,57,77,46.54269
2018.03.13,51,77,41.643463
2018.03.14,52,77,42.459999
2018.03.15,54,77,44.093079
2018.03.16,48,77,39.193848
2018.03.17,49,77,40.010384
2018.03.18,52,73,41.984413
2018.03.19,56,73,45.213978
2018.03.20,53,73,42.791801
2018.03.21,49,73,39.562233
2018.03.22,51,73,41.177017
2018.03.23,47,73,37.947449
2018.03.24,41,73,33.103092
2018.03.25,54,73,43.350769
2018.03.26,54,73,43.350769
2018.03.27,51,73,40.942394
2018.03.28,50,73,40.139599
2018.03.29,49,73,39.336807
2018.03.30,46,73,36.928432
2018.03.31,47,73,37.731224
2018.04.01,49,75,40.529999
2018.04.02,52,75,43.011429
2018.04.03,48,75,39.702858
2018.04.04,51,75,42.184284
2018.04.05,53,75,43.83857
2018.04.06,49,75,40.529999
2018.04.07,48,75,39.702858
2018.04.08,51,77,41.303051
2018.04.09,51,77,41.303051
2018.04.10,50,77,40.493187
2018.04.11,55,77,44.542507
2018.04.12,61,77,49.401688
2018.04.13,50,77,40.493187
2018.04.14,49,77,39.683323
2018.04.15,52,78,41.74976
2018.04.16,57,78,45.764156
2018.04.17,56,78,44.961277
2018.04.18,56,78,44.961277
2018.04.19,57,78,45.764156
2018.04.20,50,78,40.143997
2018.04.21,47,78,37.735359
2018.04.22,52,73,41.984413
2018.04.23,55,73,44.40659
2018.04.24,54,73,43.599197
2018.04.25,50,73,40.369625
2018.04.26,52,73,41.984413
2018.04.27,48,73,38.754841
2018.04.28,38,73,30.680916
2018.04.29,45,62,36.018059
2018.04.30,46,62,36.818459
2018.05.01,41,62,32.816452
2018.05.02,45,62,36.018059
2018.05.03,39,62,31.215651
2018.05.04,42,62,33.616856
2018.05.05,41,62,32.816452
2018.05.06,55,80,44
2018.05.07,51,80,40.799999
2018.05.08,51,80,40.799999
2018.05.09,50,80,39.999996
2018.05.10,61,80,48.799999
2018.05.11,67,80,53.599998
2018.05.12,51,80,40.799999
2018.05.13,54,79,43.219845
2018.05.14,62,79,49.622787
2018.05.15,59,79,47.221684
2018.05.16,54,79,43.219845
2018.05.17,53,79,42.419476
2018.05.18,54,79,43.219845
2018.05.19,45,79,36.016537
2018.05.20,58,79,46.299789
2018.05.21,57,79,45.501518
2018.05.22,57,79,45.501518
2018.05.23,56,79,44.703243
2018.05.24,54,79,43.106701
2018.05.25,53,79,42.308426
2018.05.26,47,79,37.518795
2018.05.27,56,77,45.476284
2018.05.28,56,77,45.476284
2018.05.29,53,77,43.040054
2018.05.30,53,77,43.040054
2018.05.31,60,77,48.72459
2018.06.01,44,77,35.731365
2018.06.02,44,77,35.731365
2018.06.03,52,79,41.838734
2018.06.04,60,79,48.275459
2018.06.05,58,79,46.666279
2018.06.06,56,79,45.057098
2018.06.07,57,79,45.861687
2018.06.08,49,79,39.424957
2018.06.09,47,79,37.815777
2018.06.10,54,73,43.227615
2018.06.11,53,73,42.427105
2018.06.12,53,73,42.427105
2018.06.13,52,73,41.626591
2018.06.14,50,73,40.02557
2018.06.15,47,73,37.624035
2018.06.16,43,73,34.421989
2018.06.17,52,78,41.861393
2018.06.18,52,78,41.861393
2018.06.19,49,78,39.446308
2018.06.20,57,78,45.886524
2018.06.21,60,78,48.301609
2018.06.22,54,78,43.471447
2018.06.23,50,78,40.251335
2018.06.24,52,76,42.492256
2018.06.25,51,76,41.675095
2018.06.26,59,76,48.212368
2018.06.27,54,76,44.126575
2018.06.28,50,76,40.857937
2018.06.29,48,76,39.223621
2018.06.30,45,76,36.772144
2018.07.01,72,71,39.782906
2018.07.02,69,71,38.125282
2018.07.03,79,71,43.650688
2018.07.04,73,71,40.335445
2018.07.05,70,71,38.677826
2018.07.06,70,71,38.677826
2018.07.07,63,71,34.81004
2018.07.08,73,71,39.853344
2018.07.09,79,71,43.128963
2018.07.10,71,71,38.761475
2018.07.11,74,71,40.399281
2018.07.12,74,71,40.399281
2018.07.13,74,71,40.399281
2018.07.14,57,71,31.118366
2018.07.15,62,73,33.923031
2018.07.16,74,73,40.488777
2018.07.17,84,73,45.960232
2018.07.18,79,73,43.224506
2018.07.19,77,73,42.130215
2018.07.20,74,73,40.488777
2018.07.21,65,73,35.564468
2018.07.22,65,69,36.142174
2018.07.23,75,69,41.702503
2018.07.24,79,69,43.926636
2018.07.25,69,69,38.366306
2018.07.26,75,69,41.702503
2018.07.27,60,69,33.362003
2018.07.28,56,69,31.137869
2018.07.29,71,70,39.555054
2018.07.30,71,70,39.555054
2018.07.31,71,70,39.555054
2018.08.01,70,70,38.99794
2018.08.02,74,70,41.226395
2018.08.03,64,70,35.655258
2018.08.04,64,70,35.655258
2018.08.05,64,71,36.016098
2018.08.06,78,71,43.894623
2018.08.07,75,71,42.206367
2018.08.08,76,71,42.769119
2018.08.09,69,71,38.829857
2018.08.10,63,71,35.45335
2018.08.11,62,71,34.890594
2018.08.12,66,69,37.400936
2018.08.13,61,69,34.567532
2018.08.14,65,69,36.834251
2018.08.15,72,69,40.801018
2018.08.16,73,69,41.367702
2018.08.17,65,69,36.834251
2018.08.18,68,69,38.534298
2018.08.19,82,76,46.260612
2018.08.20,80,76,45.132305
2018.08.21,74,76,41.747383
2018.08.22,75,76,42.311535
2018.08.23,76,76,42.87569
2018.08.24,68,76,38.362461
2018.08.25,65,76,36.669998
2018.08.26,74,77,41.034103
2018.08.27,83,77,46.024738
2018.08.28,80,77,44.361195
2018.08.29,78,77,43.252163
2018.08.30,84,77,46.57925
2018.08.31,72,77,39.925076
2018.09.01,65,77,36.043472
2018.09.02,81,73,43.640877
2018.09.03,76,73,40.946995
2018.09.04,62,73,33.404129
2018.09.05,86,73,46.334759
2018.09.06,80,73,43.102104
2018.09.07,68,73,36.636784
2018.09.08,70,73,37.71434
2018.09.09,78,77,42.852421
2018.09.10,79,77,43.40181
2018.09.11,88,77,48.346321
2018.09.12,80,77,43.951202
2018.09.13,79,77,43.40181
2018.09.14,67,77,36.809132
2018.09.15,70,77,38.457298
2018.09.16,72,76,40.30901
2018.09.17,81,76,45.347637
2018.09.18,84,76,47.027176
2018.09.19,76,76,42.548397
2018.09.20,80,76,44.787788
2018.09.21,67,76,37.509773
2018.09.22,64,76,35.830231
2018.09.23,76,74,41.349789
2018.09.24,81,74,44.070171
2018.09.25,74,74,40.261639
2018.09.26,77,74,41.893867
2018.09.27,85,74,46.246475
2018.09.28,70,74,38.085331
2018.09.29,62,74,33.732723
2018.09.30,64,71,35.362583
2018.10.01,73,71,40.335445
2018.10.02,75,71,41.440525
2018.10.03,73,71,40.335445
2018.10.04,79,71,43.650688
2018.10.05,70,71,38.677826
2018.10.06,62,71,34.257504
2018.10.07,70,77,39.404163
2018.10.08,80,77,45.033329
2018.10.09,76,77,42.781662
2018.10.10,82,77,46.159164
2018.10.11,83,77,46.722076
2018.10.12,70,77,39.404163
2018.10.13,67,77,37.715412
2018.10.14,77,80,42.612186
2018.10.15,85,80,47.039429
2018.10.16,88,80,48.699642
2018.10.17,82,80,45.379211
2018.10.18,92,80,50.913261
2018.10.19,64,80,35.417923
2018.10.20,70,80,38.738354
2018.10.21,74,80,40.6605
2018.10.22,88,80,48.353027
2018.10.23,85,80,46.704628
2018.10.24,77,80,42.308899
2018.10.25,82,80,45.056225
2018.10.26,80,80,43.957294
2018.10.27,76,80,41.75943
2018.10.28,77,82,42.534103
2018.10.29,95,82,52.477139
2018.10.30,82,82,45.296059
2018.10.31,93,82,51.372356
2018.11.01,87,82,48.05801
2018.11.02,74,82,40.87693
2018.11.03,65,82,35.905411
2018.11.04,81,81,44.823818
2018.11.05,91,81,50.357624
2018.11.06,90,81,49.804245
2018.11.07,79,81,43.717064
2018.11.08,85,81,47.037342
2018.11.09,71,81,39.290016
2018.11.10,68,81,37.629875
2018.11.11,82,79,44.651928
2018.11.12,90,79,49.008213
2018.11.13,100,79,54.453571
2018.11.14,78,79,42.473785
2018.11.15,77,79,41.929249
2018.11.16,66,79,35.939358
2018.11.17,67,79,36.483891
2018.11.18,75,78,41.739372
2018.11.19,87,78,48.417671
2018.11.20,79,78,43.965473
2018.11.21,83,78,46.19157
2018.11.22,71,78,39.513275
2018.11.23,61,78,33.948025
2018.11.24,85,78,47.304623
2018.11.25,84,85,46.476219
2018.11.26,88,85,48.689377
2018.11.27,100,85,55.328835
2018.11.28,96,85,53.115681
2018.11.29,82,85,45.369644
2018.11.30,76,85,42.049915
2018.12.01,67,85,37.07032
2018.12.02,81,77,44.832066
2018.12.03,79,77,43.725098
2018.12.04,86,77,47.599472
2018.12.05,90,77,49.813404
2018.12.06,70,77,38.743759
2018.12.07,67,77,37.083309
2018.12.08,64,77,35.422867
2018.12.09,72,77,39.999699
2018.12.10,73,77,40.555252
2018.12.11,80,77,44.444111
2018.12.12,90,77,49.999622
2018.12.13,82,77,45.55521
2018.12.14,76,77,42.221905
2018.12.15,62,77,34.444183
2018.12.16,70,74,38.525623
2018.12.17,78,74,42.928555
2018.12.18,81,74,44.579651
2018.12.19,76,74,41.82782
2018.12.20,78,74,42.928555
2018.12.21,66,74,36.324158
2018.12.22,70,74,38.525623
2018.12.23,57,65,32.429253
2018.12.24,66,65,37.54966
2018.12.25,71,65,40.394329
2018.12.26,68,65,38.687527
2018.12.27,71,65,40.394329
2018.12.28,58,65,32.998184
2018.12.29,50,65,28.446712
2018.12.30,56,57,31.431431
2018.12.31,41,57,23.012297
2019.01.01,56,57,31.431431
2019.01.02,56,57,31.431431
2019.01.03,53,57,29.747602
2019.01.04,63,57,35.360355
2019.01.05,67,57,37.605461
2019.01.06,79,74,43.064045
2019.01.07,73,74,39.793358
2019.01.08,76,74,41.428703
2019.01.09,77,74,41.97382
2019.01.10,80,74,43.609161
2019.01.11,68,74,37.067787
2019.01.12,71,74,38.703133
2019.01.13,63,74,35.010349
2019.01.14,75,74,41.678986
2019.01.15,77,74,42.790428
2019.01.16,75,74,41.678986
2019.01.17,77,74,42.790428
2019.01.18,73,74,40.567547
2019.01.19,74,74,41.123268
2019.01.20,78,76,43.09243
2019.01.21,84,76,46.407234
2019.01.22,80,76,44.197365
2019.01.23,80,76,44.197365
2019.01.24,72,76,39.77763
2019.01.25,71,76,39.225163
2019.01.26,66,76,36.462826
2019.01.27,71,74,38.555969
2019.01.28,88,74,47.787678
2019.01.29,83,74,45.072468
2019.01.30,78,74,42.357258
2019.01.31,75,74,40.728134
2019.02.01,64,74,34.754673
2019.02.02,67,74,36.383801
2019.02.03,67,74,35.638512
2019.02.04,91,74,48.404545
2019.02.05,78,74,41.489609
2019.02.06,82,74,43.617283
2019.02.07,80,74,42.553448
2019.02.08,75,74,39.893852
2019.02.09,64,74,34.042755
2019.02.10,71,77,38.508434
2019.02.11,82,77,44.474525
2019.02.12,81,77,43.932152
2019.02.13,85,77,46.101643
2019.02.14,78,77,42.305035
2019.02.15,78,77,42.305035
2019.02.16,73,77,39.593174
2019.02.17,85,78,46.194584
2019.02.18,87,78,47.281513
2019.02.19,82,78,44.564186
2019.02.20,83,78,45.107651
2019.02.21,77,78,41.846859
2019.02.22,70,78,38.042599
2019.02.23,70,78,38.042599
2019.02.24,78,77,42.227974
2019.02.25,80,77,43.310745
2019.02.26,87,77,47.100437
2019.02.27,85,77,46.017666
2019.02.28,77,77,41.686592
2019.03.01,66,77,35.731365
2019.03.02,76,77,41.145206
2019.03.03,75,78,41.50919
2019.03.04,85,78,47.043747
2019.03.05,77,78,42.6161
2019.03.06,87,78,48.150658
2019.03.07,88,78,48.704113
2019.03.08,69,78,38.18845
2019.03.09,63,78,34.867718
2019.03.10,65,75,36.048851
2019.03.11,80,75,44.367821
2019.03.12,81,75,44.922417
2019.03.13,75,75,41.59483
2019.03.14,82,75,45.477013
2019.03.15,73,75,40.485638
2019.03.16,66,75,36.603451
2019.03.17,79,74,43.229042
2019.03.18,83,74,45.417854
2019.03.19,74,74,40.493027
2019.03.20,83,74,45.417854
2019.03.21,71,74,38.851418
2019.03.22,65,74,35.568199
2019.03.23,67,74,36.662605
2019.03.24,77,75,41.666355
2019.03.25,82,75,44.37196
2019.03.26,77,75,41.666355
2019.03.27,76,75,41.125233
2019.03.28,81,75,43.830837
2019.03.29,71,75,38.419624
2019.03.30,71,75,38.419624
2019.03.31,71,74,39.533016
2019.04.01,66,74,36.749004
2019.04.02,76,74,42.317036
2019.04.03,74,74,41.20343
2019.04.04,86,74,47.885067
2019.04.05,70,74,38.976215
2019.04.06,70,74,38.976215
2019.04.07,69,77,38.190277
2019.04.08,81,77,44.832066
2019.04.09,78,77,43.171616
2019.04.10,87,77,48.152958
2019.04.11,84,77,46.492512
2019.04.12,73,77,40.404205
2019.04.13,65,77,35.976345
2019.04.14,70,72,38.908798
2019.04.15,69,72,38.352959
2019.04.16,76,72,42.243839
2019.04.17,77,72,42.799683
2019.04.18,74,72,41.13216
2019.04.19,68,72,37.797119
2019.04.20,66,72,36.68544
2019.04.21,63,71,34.531559
2019.04.22,81,71,44.39772
2019.04.23,77,71,42.205235
2019.04.24,77,71,42.205235
2019.04.25,65,71,35.6278
2019.04.26,71,71,38.916519
2019.04.27,66,71,36.175919
2019.04.28,52,58,29.031818
2019.04.29,56,58,31.265036
2019.04.30,56,58,31.265036
2019.05.01,56,58,31.265036
2019.05.02,63,58,35.173164
2019.05.03,60,58,33.498253
2019.05.04,58,58,32.381645
2019.05.05,64,73,34.614048
2019.05.06,87,73,47.053471
2019.05.07,76,73,41.104183
2019.05.08,84,73,45.430939
2019.05.09,71,73,38.399963
2019.05.10,72,73,38.940807
2019.05.11,67,73,36.236584
2019.05.12,80,78,43.873226
2019.05.13,89,78,48.80896
2019.05.14,82,78,44.970055
2019.05.15,80,78,43.873226
2019.05.16,81,78,44.421635
2019.05.17,74,78,40.582729
2019.05.18,63,78,34.550163
2019.05.19,80,79,43.955318
2019.05.20,84,79,46.15308
2019.05.21,84,79,46.15308
2019.05.22,83,79,45.603642
2019.05.23,89,79,48.900291
2019.05.24,74,79,40.658669
2019.05.25,61,79,33.51593
2019.05.26,76,79,41.237438
2019.05.27,84,79,45.57822
2019.05.28,82,79,44.493027
2019.05.29,100,79,54.259785
2019.05.30,82,79,44.493027
2019.05.31,69,79,37.439255
2019.06.01,69,79,37.439255
2019.06.02,76,76,41.059597
2019.06.03,85,76,45.921917
2019.06.04,81,76,43.760887
2019.06.05,79,76,42.68037
2019.06.06,81,76,43.760887
2019.06.07,75,76,40.519341
2019.06.08,66,76,35.657017
2019.06.09,73,76,41.104179
2019.06.10,81,76,45.608749
2019.06.11,81,76,45.608749
2019.06.12,74,76,41.667248
2019.06.13,74,76,41.667248
2019.06.14,70,76,39.414967
2019.06.15,68,76,38.288822
2019.06.16,77,77,42.06974
2019.06.17,98,77,53.543304
2019.06.18,79,77,43.16246
2019.06.19,82,77,44.801544
2019.06.20,78,77,42.616104
2019.06.21,68,77,37.1525
2019.06.22,62,77,33.874336
2019.06.23,79,78,43.40387
2019.06.24,79,78,43.40387
2019.06.25,91,78,49.996861
2019.06.26,80,78,43.953285
2019.06.27,70,78,38.459126
2019.06.28,81,78,44.502701
2019.06.29,68,78,37.360294
2019.06.30,81,79,44.186298
2019.07.01,83,79,45.277317
2019.07.02,90,79,49.095886
2019.07.03,78,79,42.54977
2019.07.04,83,79,45.277317
2019.07.05,71,79,38.731201
2019.07.06,73,79,39.82222
2019.07.07,40,74,43.115467
2019.07.08,42,74,45.271244
2019.07.09,41,74,44.193356
2019.07.10,38,74,40.959698
2019.07.11,39,74,42.037586
2019.07.12,34,74,36.648148
2019.07.13,31,74,33.41449
2019.07.14,32,73,34.949455
2019.07.15,42,73,45.871159
2019.07.16,38,73,41.50248
2019.07.17,42,73,45.871159
2019.07.18,40,73,43.686821
2019.07.19,34,73,37.133801
2019.07.20,30,73,32.765118
2019.07.21,33,69,35.874367
2019.07.22,38,69,41.309875
2019.07.23,39,69,42.396976
2019.07.24,37,69,40.222775
2019.07.25,34,69,36.961468
2019.07.26,34,69,36.961468
2019.07.27,30,69,32.61306
2019.07.28,35,100,35
2019.07.29,40,100,40
2019.07.30,37,100,37
2019.07.31,33,100,33
2019.08.01,100,100,100
2019.08.02,84,100,84
2019.08.03,57,100,57.000004
2019.08.04,52,83,55.905231
2019.08.05,55,83,59.130531
2019.08.06,42,83,45.154224
2019.08.07,42,83,45.154224
2019.08.08,37,83,39.778721
2019.08.09,36,83,38.703625
2019.08.10,34,83,36.553421
2019.08.11,32,66,35.139313
2019.08.12,34,66,37.335518
2019.08.13,31,66,34.041206
2019.08.14,33,66,36.237415
2019.08.15,35,66,38.433624
2019.08.16,34,66,37.335518
2019.08.17,33,66,36.237415
2019.08.18,36,78,39.129532
2019.08.19,42,78,45.651119
2019.08.20,42,78,45.651119
2019.08.21,41,78,44.564186
2019.08.22,43,78,46.738049
2019.08.23,38,78,41.303394
2019.08.24,35,78,38.042599
2019.08.25,45,78,47.207664
2019.08.26,42,78,44.060486
2019.08.27,47,78,49.305782
2019.08.28,43,78,45.109547
2019.08.29,40,78,41.962368
2019.08.30,35,78,36.717072
2019.08.31,35,78,36.717072
2019.09.01,39,80,41.816666
2019.09.02,47,80,50.394444
2019.09.03,43,80,46.105553
2019.09.04,44,80,47.177776
2019.09.05,42,80,45.033333
2019.09.06,39,80,41.816666
2019.09.07,34,80,36.455551
2019.09.08,33,73,35.089584
2019.09.09,40,73,42.532829
2019.09.10,44,73,46.78611
2019.09.11,42,73,44.65947
2019.09.12,35,73,37.216225
2019.09.13,36,73,38.279549
2019.09.14,35,73,37.216225
2019.09.15,34,76,37.638638
2019.09.16,44,76,48.708832
2019.09.17,42,76,46.494789
2019.09.18,45,76,49.815849
2019.09.19,37,76,40.959698
2019.09.20,32,76,35.424603
2019.09.21,31,76,34.317585
2019.09.22,32,74,34.10627
2019.09.23,39,74,41.567017
2019.09.24,44,74,46.896118
2019.09.25,44,74,46.896118
2019.09.26,39,74,41.567017
2019.09.27,36,74,38.369553
2019.09.28,34,74,36.237907
2019.09.29,42,79,44.938526
2019.09.30,42,79,44.938526
2019.10.01,39,79,41.72863
2019.10.02,42,79,44.938526
2019.10.03,42,79,44.938526
2019.10.04,40,79,42.798592
2019.10.05,38,79,40.658665
2019.10.06,45,73,47.84943
2019.10.07,44,73,46.78611
2019.10.08,44,73,46.78611
2019.10.09,43,73,45.72279
2019.10.10,35,73,37.216225
2019.10.11,31,73,32.96294
2019.10.12,23,73,24.456375
2019.10.13,31,77,33.999336
2019.10.14,39,77,42.773357
2019.10.15,44,77,48.257122
2019.10.16,43,77,47.16037
2019.10.17,41,77,44.966866
2019.10.18,37,77,40.579853
2019.10.19,36,77,39.483101
2019.10.20,36,72,39.39024
2019.10.21,34,72,37.201889
2019.10.22,40,72,43.76693
2019.10.23,40,72,43.76693
2019.10.24,39,72,42.672756
2019.10.25,31,72,33.919369
2019.10.26,34,72,37.201889
2019.10.27,39,75,42.767044
2019.10.28,45,75,49.346588
2019.10.29,41,75,44.960224
2019.10.30,39,75,42.767044
2019.10.31,36,75,39.477268
2019.11.01,31,75,33.994316
2019.11.02,33,75,36.1875
2019.11.03,33,74,36.254307
2019.11.04,40,74,43.944614
2019.11.05,40,74,43.944614
2019.11.06,42,74,46.141846
2019.11.07,40,74,43.944614
2019.11.08,36,74,39.550152
2019.11.09,29,74,31.859846
2019.11.10,39,76,40.860855
2019.11.11,42,76,44.003998
2019.11.12,42,76,44.003998
2019.11.13,43,76,45.051712
2019.11.14,41,76,42.956287
2019.11.15,37,76,38.765427
2019.11.16,36,76,37.717716
2019.11.17,40,75,43.208958
2019.11.18,43,75,46.449627
2019.11.19,44,75,47.52985
2019.11.20,38,75,41.048508
2019.11.21,38,75,41.048508
2019.11.22,32,75,34.567165
2019.11.23,33,75,35.647388
2019.11.24,39,76,42.062645
2019.11.25,43,76,46.376762
2019.11.26,41,76,44.219707
2019.11.27,42,76,45.298233
2019.11.28,38,76,40.984116
2019.11.29,38,76,40.984116
2019.11.30,31,76,33.43441
2019.12.01,37,75,40.117977
2019.12.02,42,75,45.539322
2019.12.03,44,75,47.707863
2019.12.04,38,75,41.202248
2019.12.05,37,75,40.117977
2019.12.06,37,75,40.117977
2019.12.07,32,75,34.696629
2019.12.08,33,71,35.466591
2019.12.09,39,71,41.915058
2019.12.10,42,71,45.139294
2019.12.11,37,71,39.765572
2019.12.12,37,71,39.765572
2019.12.13,36,71,38.690826
2019.12.14,31,71,33.317097
2019.12.15,37,73,40.254284
2019.12.16,39,73,42.430191
2019.12.17,42,73,45.694054
2019.12.18,37,73,40.254284
2019.12.19,35,73,38.078377
2019.12.20,36,73,39.166332
2019.12.21,33,73,35.90247
2019.12.22,27,62,29.106485
2019.12.23,38,62,40.964687
2019.12.24,31,62,33.418556
2019.12.25,33,62,35.574593
2019.12.26,36,62,38.808647
2019.12.27,30,62,32.340542
2019.12.28,27,62,29.106485
2019.12.29,28,56,30.568079
2019.12.30,30,56,32.751514
2019.12.31,22,56,24.017776
2020.01.01,26,56,28.384645
2020.01.02,30,56,32.751514
2020.01.03,30,56,32.751514
2020.01.04,32,56,34.934948
