date,raw_daily,raw_weekly,sleepingdrug1_harmonized_daily
2015.12.27,48,45,15.72
2015.12.28,53,45,17.3575
2015.12.29,53,45,17.3575
2015.12.30,42,45,13.755
2015.12.31,37,45,12.1175
2016.01.01,60,45,19.65
2016.01.02,67,45,21.942501
2016.01.03,67,63,21.899048
2016.01.04,87,63,28.436077
2016.01.05,80,63,26.148117
2016.01.06,83,63,27.128674
2016.01.07,49,63,16.015722
2016.01.08,85,63,27.782377
2016.01.09,54,63,17.649979
2016.01.10,56,61,17.971727
2016.01.11,70,61,22.464657
2016.01.12,56,61,17.971727
2016.01.13,100,61,32.092369
2016.01.14,83,61,26.636665
2016.01.15,78,61,25.032047
2016.01.16,55,61,17.650803
2016.01.17,45,47,15.057879
2016.01.18,55,47,18.404076
2016.01.19,57,47,19.073315
2016.01.20,54,47,18.069456
2016.01.21,74,47,24.761848
2016.01.22,30,47,10.038587
2016.01.23,53,47,17.734837
2016.01.24,59,53,19.506523
2016.01.25,40,53,13.224762
2016.01.26,77,53,25.457666
2016.01.27,65,53,21.490238
2016.01.28,56,53,18.514668
2016.01.29,57,53,18.845285
2016.01.30,66,53,21.820858
2016.01.31,71,55,23.848719
2016.02.01,60,55,20.153847
2016.02.02,55,55,18.47436
2016.02.03,51,55,17.13077
2016.02.04,56,55,18.810257
2016.02.05,59,55,19.817949
2016.02.06,77,55,25.864101
2016.02.07,66,57,21.334286
2016.02.08,75,57,24.243507
2016.02.09,61,57,19.718054
2016.02.10,64,57,20.687794
2016.02.11,59,57,19.07156
2016.02.12,70,57,22.627274
2016.02.13,67,57,21.657534
2016.02.14,65,59,21.242495
2016.02.15,64,59,20.915688
2016.02.16,60,59,19.608458
2016.02.17,99,59,32.353954
2016.02.18,32,59,10.457844
2016.02.19,66,59,21.569304
2016.02.20,87,59,28.432262
2016.02.21,80,68,26.296679
2016.02.22,98,68,32.213432
2016.02.23,74,68,24.324429
2016.02.24,76,68,24.981844
2016.02.25,64,68,21.037344
2016.02.26,80,68,26.296679
2016.02.27,70,68,23.009594
2016.02.28,71,53,22.928047
2016.02.29,46,53,14.854792
2016.03.01,51,53,16.469442
2016.03.02,76,53,24.542698
2016.03.03,54,53,17.438232
2016.03.04,67,53,21.636326
2016.03.05,65,53,20.990465
2016.03.06,51,54,16.62553
2016.03.07,74,54,24.12332
2016.03.08,61,54,19.885439
2016.03.09,58,54,18.907465
2016.03.10,63,54,20.53742
2016.03.11,47,54,15.321568
2016.03.12,80,54,26.079264
2016.03.13,59,57,19.154478
2016.03.14,61,57,19.803783
2016.03.15,53,57,17.206564
2016.03.16,83,57,26.946131
2016.03.17,69,57,22.400999
2016.03.18,56,57,18.180523
2016.03.19,79,57,25.647522
2016.03.20,50,49,16.672728
2016.03.21,59,49,19.673819
2016.03.22,51,49,17.006182
2016.03.23,66,49,22.007999
2016.03.24,51,49,17.006182
2016.03.25,52,49,17.339636
2016.03.26,56,49,18.673454
2016.03.27,49,49,16.554264
2016.03.28,54,49,18.243473
2016.03.29,58,49,19.594843
2016.03.30,64,49,21.621895
2016.03.31,66,49,22.297579
2016.04.01,39,49,13.175843
2016.04.02,50,49,16.892107
2016.04.03,68,56,22.07292
2016.04.04,53,56,17.203896
2016.04.05,66,56,21.423717
2016.04.06,68,56,22.07292
2016.04.07,61,56,19.800709
2016.04.08,78,56,25.318939
2016.04.09,58,56,18.826902
2016.04.10,83,54,26.810137
2016.04.11,66,54,21.318905
2016.04.12,63,54,20.349863
2016.04.13,53,54,17.119726
2016.04.14,59,54,19.057808
2016.04.15,54,54,17.442739
2016.04.16,60,54,19.380823
2016.04.17,55,53,17.885948
2016.04.18,50,53,16.259954
2016.04.19,74,53,24.064732
2016.04.20,64,53,20.81274
2016.04.21,58,53,18.861546
2016.04.22,73,53,23.739531
2016.04.23,53,53,17.23555
2016.04.24,68,60,22.504423
2016.04.25,71,60,23.497267
2016.04.26,70,60,23.166317
2016.04.27,75,60,24.821056
2016.04.28,61,60,20.18779
2016.04.29,72,60,23.828213
2016.04.30,58,60,19.194948
2016.05.01,64,52,21.370981
2016.05.02,55,52,18.365688
2016.05.03,48,52,16.028236
2016.05.04,45,52,15.026471
2016.05.05,73,52,24.376278
2016.05.06,57,52,19.033531
2016.05.07,66,52,22.038824
2016.05.08,58,59,19.406147
2016.05.09,59,59,19.740736
2016.05.10,78,59,26.097921
2016.05.11,78,59,26.097921
2016.05.12,67,59,22.417446
2016.05.13,58,59,19.406147
2016.05.14,64,59,21.413679
2016.05.15,57,59,18.907856
2016.05.16,67,59,22.225021
2016.05.17,74,59,24.547041
2016.05.18,62,59,20.566439
2016.05.19,70,59,23.220173
2016.05.20,71,59,23.551889
2016.05.21,65,59,21.561588
2016.05.22,71,63,23.252501
2016.05.23,66,63,21.615
2016.05.24,52,63,17.030001
2016.05.25,81,63,26.5275
2016.05.26,70,63,22.925001
2016.05.27,81,63,26.5275
2016.05.28,83,63,27.182501
2016.05.29,73,58,24.115393
2016.05.30,78,58,25.76713
2016.05.31,64,58,21.14226
2016.06.01,60,58,19.820869
2016.06.02,57,58,18.829826
2016.06.03,53,58,17.508434
2016.06.04,75,58,24.776087
2016.06.05,72,64,23.765669
2016.06.06,68,64,22.445354
2016.06.07,75,64,24.755905
2016.06.08,70,64,23.105513
2016.06.09,88,64,29.04693
2016.06.10,65,64,21.455118
2016.06.11,70,64,23.105513
2016.06.12,83,68,26.885963
2016.06.13,95,68,30.773092
2016.06.14,78,68,25.266329
2016.06.15,87,68,28.181675
2016.06.16,70,68,22.67491
2016.06.17,87,68,28.181675
2016.06.18,50,68,16.196363
2016.06.19,73,61,24.255426
2016.06.20,75,61,24.919958
2016.06.21,72,61,23.923161
2016.06.22,83,61,27.578089
2016.06.23,74,61,24.587692
2016.06.24,53,61,17.610104
2016.06.25,51,61,16.945572
2016.06.26,54,56,17.186291
2016.06.27,65,56,20.687202
2016.06.28,63,56,20.050673
2016.06.29,67,56,21.323732
2016.06.30,66,56,21.005466
2016.07.01,81,56,25.779438
2016.07.02,65,56,20.687202
2016.07.03,71,62,23.441545
2016.07.04,65,62,21.460569
2016.07.05,72,62,23.771708
2016.07.06,73,62,24.101871
2016.07.07,74,62,24.432032
2016.07.08,70,62,23.111382
2016.07.09,67,62,22.120895
2016.07.10,47,53,15.650888
2016.07.11,64,53,21.311848
2016.07.12,49,53,16.316883
2016.07.13,66,53,21.977842
2016.07.14,72,53,23.975828
2016.07.15,68,53,22.643837
2016.07.16,51,53,16.982878
2016.07.17,58,58,19.328245
2016.07.18,58,58,19.328245
2016.07.19,62,58,20.661228
2016.07.20,74,58,24.660175
2016.07.21,83,58,27.659384
2016.07.22,61,58,20.327982
2016.07.23,60,58,19.994736
2016.07.24,64,56,21.196569
2016.07.25,66,56,21.858961
2016.07.26,68,56,22.521355
2016.07.27,76,56,25.170925
2016.07.28,64,56,21.196569
2016.07.29,47,56,15.566231
2016.07.30,58,56,19.209391
2016.07.31,48,57,15.965077
2016.08.01,63,57,20.954165
2016.08.02,49,57,16.297684
2016.08.03,74,57,24.612827
2016.08.04,90,57,29.934519
2016.08.05,69,57,22.949799
2016.08.06,56,57,18.625923
2016.08.07,51,50,16.828714
2016.08.08,74,50,24.418137
2016.08.09,54,50,17.81864
2016.08.10,48,50,15.838791
2016.08.11,67,50,22.108313
2016.08.12,41,50,13.528967
2016.08.13,62,50,20.458437
2016.08.14,64,54,21.305223
2016.08.15,54,54,17.976282
2016.08.16,75,54,24.967058
2016.08.17,64,54,21.305223
2016.08.18,69,54,22.969694
2016.08.19,52,54,17.310495
2016.08.20,47,54,15.646024
2016.08.21,66,52,21.98494
2016.08.22,58,52,19.320099
2016.08.23,34,52,11.325575
2016.08.24,76,52,25.315989
2016.08.25,66,52,21.98494
2016.08.26,41,52,13.657311
2016.08.27,68,52,22.65115
2016.08.28,47,51,16.185928
2016.08.29,61,51,21.007269
2016.08.30,51,51,17.563454
2016.08.31,77,51,26.517372
2016.09.01,69,51,23.762321
2016.09.02,46,51,15.841548
2016.09.03,37,51,12.742114
2016.09.04,56,60,18.650846
2016.09.05,69,60,22.980509
2016.09.06,82,60,27.310167
2016.09.07,75,60,24.978811
2016.09.08,59,60,19.65
2016.09.09,61,60,20.316101
2016.09.10,70,60,23.313559
2016.09.11,53,53,17.86306
2016.09.12,51,53,17.188982
2016.09.13,87,53,29.322378
2016.09.14,65,53,21.907526
2016.09.15,48,53,16.177864
2016.09.16,58,53,19.548254
2016.09.17,50,53,16.851942
2016.09.18,59,57,18.786909
2016.09.19,63,57,20.060598
2016.09.20,62,57,19.742176
2016.09.21,60,57,19.105331
2016.09.22,60,57,19.105331
2016.09.23,76,57,24.200085
2016.09.24,89,57,28.339573
2016.09.25,76,59,24.942846
2016.09.26,77,59,25.271042
2016.09.27,53,59,17.394354
2016.09.28,61,59,20.019917
2016.09.29,86,59,28.224798
2016.09.30,51,59,16.737963
2016.10.01,67,59,21.989088
2016.10.02,76,52,23.912794
2016.10.03,43,52,13.529607
2016.10.04,51,52,16.046743
2016.10.05,69,52,21.710299
2016.10.06,72,52,22.654226
2016.10.07,65,52,20.451731
2016.10.08,57,52,17.934595
2016.10.09,69,52,21.963926
2016.10.10,56,52,17.825796
2016.10.11,71,52,22.600561
2016.10.12,71,52,22.600561
2016.10.13,56,52,17.825796
2016.10.14,45,52,14.3243
2016.10.15,60,52,19.099066
2016.10.16,89,59,29.209387
2016.10.17,71,59,23.301868
2016.10.18,77,59,25.271042
2016.10.19,77,59,25.271042
2016.10.20,53,59,17.394354
2016.10.21,56,59,18.378939
2016.10.22,48,59,15.753376
2016.10.23,63,53,20.6325
2016.10.24,52,53,17.030001
2016.10.25,49,53,16.047501
2016.10.26,71,53,23.252501
2016.10.27,66,53,21.615
2016.10.28,71,53,23.252501
2016.10.29,52,53,17.030001
2016.10.30,47,52,15.541943
2016.10.31,49,52,16.203302
2016.11.01,68,52,22.486214
2016.11.02,56,52,18.518059
2016.11.03,64,52,21.163496
2016.11.04,60,52,19.840776
2016.11.05,68,52,22.486214
2016.11.06,74,56,24.788311
2016.11.07,61,56,20.433607
2016.11.08,70,56,23.4484
2016.11.09,71,56,23.783379
2016.11.10,63,56,21.103561
2016.11.11,57,56,19.093699
2016.11.12,42,56,14.06904
2016.11.13,67,58,22.327454
2016.11.14,66,58,21.994209
2016.11.15,85,58,28.325874
2016.11.16,51,58,16.995525
2016.11.17,59,58,19.661489
2016.11.18,70,58,23.327192
2016.11.19,58,58,19.328245
2016.11.20,42,46,13.944464
2016.11.21,59,46,19.588652
2016.11.22,40,46,13.280441
2016.11.23,57,46,18.924629
2016.11.24,55,46,18.260607
2016.11.25,45,46,14.940495
2016.11.26,65,46,21.580717
2016.11.27,42,57,14.158646
2016.11.28,100,57,33.71106
2016.11.29,46,57,15.507089
2016.11.30,73,57,24.609076
2016.12.01,62,57,20.900858
2016.12.02,64,57,21.575079
2016.12.03,56,57,18.878195
2016.12.04,65,52,21.185644
2016.12.05,78,52,25.422775
2016.12.06,65,52,21.185644
2016.12.07,52,52,16.948517
2016.12.08,44,52,14.341052
2016.12.09,53,52,17.274448
2016.12.10,61,52,19.881912
2016.12.11,53,49,17.3575
2016.12.12,68,49,22.27
2016.12.13,60,49,19.65
2016.12.14,55,49,18.012501
2016.12.15,48,49,15.72
2016.12.16,39,49,12.7725
2016.12.17,69,49,22.5975
2016.12.18,61,50,20.489744
2016.12.19,39,50,13.1
2016.12.20,79,50,26.535898
2016.12.21,62,50,20.825642
2016.12.22,36,50,12.092308
2016.12.23,54,50,18.138462
2016.12.24,59,50,19.817949
2016.12.25,61,41,20.224138
2016.12.26,57,41,18.897964
2016.12.27,52,41,17.240248
2016.12.28,34,41,11.27247
2016.12.29,39,41,12.930186
2016.12.30,44,41,14.587902
2016.12.31,37,41,12.267099
2017.01.01,17,50,17.13077
2017.01.02,17,50,17.13077
2017.01.03,14,50,14.107692
2017.01.04,24,50,24.184616
2017.01.05,23,50,23.176924
2017.01.06,16,50,16.123077
2017.01.07,19,50,19.146154
2017.01.08,21,55,20.174
2017.01.09,20,55,19.213333
2017.01.10,24,55,23.056
2017.01.11,20,55,19.213333
2017.01.12,26,55,24.977333
2017.01.13,20,55,19.213333
2017.01.14,19,55,18.252666
2017.01.15,19,46,19.242689
2017.01.16,18,46,18.229916
2017.01.17,15,46,15.191596
2017.01.18,18,46,18.229916
2017.01.19,15,46,15.191596
2017.01.20,19,46,19.242689
2017.01.21,15,46,15.191596
2017.01.22,20,46,20.427118
2017.01.23,19,46,19.405762
2017.01.24,18,46,18.384405
2017.01.25,15,46,15.320338
2017.01.26,15,46,15.320338
2017.01.27,17,46,17.36305
2017.01.28,14,46,14.298983
2017.01.29,16,50,15.641792
2017.01.30,25,50,24.4403
2017.01.31,18,50,17.597015
2017.02.01,13,50,12.708955
2017.02.02,27,50,26.395525
2017.02.03,22,50,21.507463
2017.02.04,13,50,12.708955
2017.02.05,23,49,22.713385
2017.02.06,18,49,17.775694
2017.02.07,23,49,22.713385
2017.02.08,16,49,15.800616
2017.02.09,18,49,17.775694
2017.02.10,12,49,11.850462
2017.02.11,20,49,19.750771
2017.02.12,24,59,24.247843
2017.02.13,20,59,20.206535
2017.02.14,21,59,21.216862
2017.02.15,19,59,19.196209
2017.02.16,25,59,25.258169
2017.02.17,23,59,23.237516
2017.02.18,21,59,21.216862
2017.02.19,26,85,25.849108
2017.02.20,19,85,18.889732
2017.02.21,22,85,21.872322
2017.02.22,48,85,47.721428
2017.02.23,49,85,48.715626
2017.02.24,28,85,27.8375
2017.02.25,32,85,31.814287
2017.02.26,26,67,25.497429
2017.02.27,35,67,34.323463
2017.02.28,29,67,28.439442
2017.03.01,28,67,27.458771
2017.03.02,21,67,20.594078
2017.03.03,19,67,18.632738
2017.03.04,21,67,20.594078
2017.03.05,17,53,16.507833
2017.03.06,16,53,15.536784
2017.03.07,20,53,19.42098
2017.03.08,25,53,24.276224
2017.03.09,21,53,20.392029
2017.03.10,25,53,24.276224
2017.03.11,19,53,18.449932
2017.03.12,22,52,22.202074
2017.03.13,27,52,27.247999
2017.03.14,12,52,12.110221
2017.03.15,15,52,15.137777
2017.03.16,20,52,20.183704
2017.03.17,17,52,17.156149
2017.03.18,22,52,22.202074
2017.03.19,19,53,18.579859
2017.03.20,17,53,16.624083
2017.03.21,29,53,28.35873
2017.03.22,19,53,18.579859
2017.03.23,16,53,15.646196
2017.03.24,21,53,20.535633
2017.03.25,21,53,20.535633
2017.03.26,19,51,18.805777
2017.03.27,16,51,15.836444
2017.03.28,21,51,20.785332
2017.03.29,22,51,21.77511
2017.03.30,18,51,17.815998
2017.03.31,18,51,17.815998
2017.04.01,21,51,20.785332
2017.04.02,25,54,24.908451
2017.04.03,14,54,13.948732
2017.04.04,24,54,23.912111
2017.04.05,24,54,23.912111
2017.04.06,22,54,21.919437
2017.04.07,18,54,17.934084
2017.04.08,15,54,14.94507
2017.04.09,23,56,23.434446
2017.04.10,22,56,22.415558
2017.04.11,23,56,23.434446
2017.04.12,22,56,22.415558
2017.04.13,19,56,19.358891
2017.04.14,19,56,19.358891
2017.04.15,16,56,16.302223
2017.04.16,18,57,17.802118
2017.04.17,18,57,17.802118
2017.04.18,25,57,24.725164
2017.04.19,17,57,16.813112
2017.04.20,22,57,21.758146
2017.04.21,25,57,24.725164
2017.04.22,26,57,25.714172
2017.04.23,16,49,15.800616
2017.04.24,21,49,20.738308
2017.04.25,15,49,14.813077
2017.04.26,22,49,21.725847
2017.04.27,16,49,15.800616
2017.04.28,20,49,19.750771
2017.04.29,20,49,19.750771
2017.04.30,17,48,16.834017
2017.05.01,20,48,19.804728
2017.05.02,22,48,21.785198
2017.05.03,19,48,18.814489
2017.05.04,13,48,12.873072
2017.05.05,16,48,15.843781
2017.05.06,20,48,19.804728
2017.05.07,20,56,19.433113
2017.05.08,23,56,22.34808
2017.05.09,25,56,24.291389
2017.05.10,23,56,22.34808
2017.05.11,23,56,22.34808
2017.05.12,16,56,15.54649
2017.05.13,21,56,20.404768
2017.05.14,19,56,19.358891
2017.05.15,22,56,22.415558
2017.05.16,20,56,20.377779
2017.05.17,21,56,21.396667
2017.05.18,18,56,18.34
2017.05.19,20,56,20.377779
2017.05.20,24,56,24.453335
2017.05.21,21,56,20.81838
2017.05.22,26,56,25.775137
2017.05.23,25,56,24.783785
2017.05.24,17,56,16.852974
2017.05.25,19,56,18.835676
2017.05.26,17,56,16.852974
2017.05.27,23,56,22.801083
2017.05.28,24,56,24.118357
2017.05.29,20,56,20.098631
2017.05.30,21,56,21.103561
2017.05.31,20,56,20.098631
2017.06.01,19,56,19.093699
2017.06.02,20,56,20.098631
2017.06.03,22,56,22.108494
2017.06.04,26,63,26.168049
2017.06.05,19,63,19.122807
2017.06.06,21,63,21.135733
2017.06.07,25,63,25.161585
2017.06.08,23,63,23.148659
2017.06.09,31,63,31.200367
2017.06.10,19,63,19.122807
2017.06.11,24,100,24.000002
2017.06.12,21,100,21.000002
2017.06.13,21,100,21.000002
2017.06.14,100,100,100
2017.06.15,52,100,52.000004
2017.06.16,25,100,25
2017.06.17,19,100,19
2017.06.18,28,66,27.826206
2017.06.19,27,66,26.832413
2017.06.20,30,66,29.813791
2017.06.21,23,66,22.857241
2017.06.22,23,66,22.857241
2017.06.23,20,66,19.875862
2017.06.24,23,66,22.857241
2017.06.25,25,61,24.971876
2017.06.26,23,61,22.974127
2017.06.27,27,61,26.969625
2017.06.28,23,61,22.974127
2017.06.29,24,61,23.973001
2017.06.30,19,61,18.978624
2017.07.01,19,61,18.978624
2017.07.02,47,59,24.711769
2017.07.03,44,59,23.134422
2017.07.04,42,59,22.082857
2017.07.05,47,59,24.711769
2017.07.06,42,59,22.082857
2017.07.07,45,59,23.660206
2017.07.08,27,59,14.196122
2017.07.09,32,78,17.209263
2017.07.10,32,78,17.209263
2017.07.11,40,78,21.51158
2017.07.12,81,78,43.560947
2017.07.13,100,78,53.778946
2017.07.14,59,78,31.729578
2017.07.15,36,78,19.36042
2017.07.16,44,56,23.560877
2017.07.17,40,56,21.418978
2017.07.18,34,56,18.206131
2017.07.19,37,56,19.812555
2017.07.20,49,56,26.238249
2017.07.21,36,56,19.277081
2017.07.22,34,56,18.206131
2017.07.23,29,56,15.52876
2017.07.24,40,56,21.418978
2017.07.25,45,56,24.096352
2017.07.26,33,56,17.670656
2017.07.27,48,56,25.702774
2017.07.28,38,56,20.34803
2017.07.29,41,56,21.954453
2017.07.30,40,67,21.604925
2017.07.31,39,67,21.064802
2017.08.01,49,67,26.466032
2017.08.02,42,67,22.685171
2017.08.03,48,67,25.925909
2017.08.04,61,67,32.94751
2017.08.05,46,67,24.845661
2017.08.06,43,61,23.217096
2017.08.07,40,61,21.5973
2017.08.08,39,61,21.057365
2017.08.09,48,61,25.916756
2017.08.10,53,61,28.616421
2017.08.11,32,61,17.277838
2017.08.12,41,61,22.13723
2017.08.13,37,54,19.679548
2017.08.14,44,54,23.402706
2017.08.15,28,54,14.892631
2017.08.16,39,54,20.743307
2017.08.17,45,54,23.934586
2017.08.18,36,54,19.147669
2017.08.19,37,54,19.679548
2017.08.20,57,68,30.495857
2017.08.21,43,68,23.005646
2017.08.22,62,68,33.170933
2017.08.23,46,68,24.610691
2017.08.24,45,68,24.075676
2017.08.25,38,68,20.33057
2017.08.26,42,68,22.470631
2017.08.27,37,59,20.499857
2017.08.28,49,59,27.148458
2017.08.29,28,59,15.513405
2017.08.30,47,59,26.040359
2017.08.31,45,59,24.932257
2017.09.01,37,59,20.499857
2017.09.02,36,59,19.945807
2017.09.03,42,65,22.492453
2017.09.04,46,65,24.634592
2017.09.05,51,65,27.312263
2017.09.06,50,65,26.77673
2017.09.07,54,65,28.918869
2017.09.08,38,65,20.350315
2017.09.09,37,65,19.814779
2017.09.10,35,54,18.615789
2017.09.11,40,54,21.275187
2017.09.12,42,54,22.338947
2017.09.13,33,54,17.552029
2017.09.14,40,54,21.275187
2017.09.15,46,54,24.466465
2017.09.16,30,54,15.95639
2017.09.17,43,48,22.072165
2017.09.18,24,48,12.319347
2017.09.19,43,48,22.072165
2017.09.20,38,48,19.505634
2017.09.21,31,48,15.91249
2017.09.22,30,48,15.399184
2017.09.23,36,48,18.479021
2017.09.24,40,54,21.275187
2017.09.25,41,54,21.807068
2017.09.26,39,54,20.743307
2017.09.27,48,54,25.530226
2017.09.28,29,54,15.424511
2017.09.29,31,54,16.488272
2017.09.30,38,54,20.211428
2017.10.01,33,48,17.292002
2017.10.02,37,48,19.388002
2017.10.03,39,48,20.436001
2017.10.04,34,48,17.816002
2017.10.05,33,48,17.292002
2017.10.06,30,48,15.720002
2017.10.07,34,48,17.816002
2017.10.08,34,53,18.299379
2017.10.09,41,53,22.066898
2017.10.10,38,53,20.452248
2017.10.11,37,53,19.91403
2017.10.12,29,53,15.608294
2017.10.13,45,53,24.219769
2017.10.14,34,53,18.299379
2017.10.15,44,53,23.590117
2017.10.16,39,53,20.909422
2017.10.17,46,53,24.662394
2017.10.18,33,53,17.692587
2017.10.19,34,53,18.228725
2017.10.20,30,53,16.084169
2017.10.21,33,53,17.692587
2017.10.22,26,51,13.7317
2017.10.23,32,51,16.900555
2017.10.24,43,51,22.710119
2017.10.25,30,51,15.844269
2017.10.26,42,51,22.181978
2017.10.27,42,51,22.181978
2017.10.28,38,51,20.069408
2017.10.29,34,57,17.816
2017.10.30,41,57,21.483999
2017.10.31,48,57,25.151999
2017.11.01,42,57,22.007999
2017.11.02,31,57,16.243999
2017.11.03,40,57,20.960001
2017.11.04,49,57,25.676001
2017.11.05,42,57,22.562157
2017.11.06,39,57,20.950575
2017.11.07,38,57,20.413382
2017.11.08,44,57,23.636547
2017.11.09,44,57,23.636547
2017.11.10,37,57,19.876186
2017.11.11,34,57,18.264603
2017.11.12,41,55,21.881851
2017.11.13,40,55,21.348146
2017.11.14,36,55,19.213333
2017.11.15,38,55,20.280739
2017.11.16,39,55,20.814444
2017.11.17,40,55,21.348146
2017.11.18,36,55,19.213333
2017.11.19,41,54,22.055817
2017.11.20,32,54,17.214296
2017.11.21,42,54,22.593763
2017.11.22,26,54,13.986616
2017.11.23,43,54,23.131712
2017.11.24,33,54,17.752243
2017.11.25,46,54,24.745552
2017.11.26,37,52,20.744362
2017.11.27,38,52,21.305021
2017.11.28,38,52,21.305021
2017.11.29,40,52,22.426338
2017.11.30,49,52,27.472263
2017.12.01,21,52,11.773827
2017.12.02,20,52,11.213169
2017.12.03,39,57,21.179129
2017.12.04,37,57,20.093019
2017.12.05,28,57,15.205529
2017.12.06,47,57,25.523563
2017.12.07,49,57,26.609674
2017.12.08,35,57,19.00691
2017.12.09,40,57,21.722183
2017.12.10,45,50,24.359503
2017.12.11,37,50,20.028925
2017.12.12,28,50,15.157024
2017.12.13,30,50,16.23967
2017.12.14,35,50,18.946281
2017.12.15,29,50,15.698346
2017.12.16,38,50,20.570248
2017.12.17,40,52,21.12248
2017.12.18,44,52,23.234728
2017.12.19,44,52,23.234728
2017.12.20,31,52,16.369921
2017.12.21,36,52,19.010233
2017.12.22,37,52,19.538294
2017.12.23,26,52,13.729612
2017.12.24,27,46,14.086754
2017.12.25,33,46,17.217144
2017.12.26,31,46,16.173679
2017.12.27,43,46,22.434458
2017.12.28,31,46,16.173679
2017.12.29,30,46,15.651948
2017.12.30,36,46,18.782337
2017.12.31,54,51,15.788796
2018.01.01,73,51,21.344114
2018.01.02,62,51,18.127878
2018.01.03,72,51,21.051729
2018.01.04,63,51,18.420263
2018.01.05,70,51,20.466959
2018.01.06,63,51,18.420263
2018.01.07,51,55,14.906896
2018.01.08,73,55,21.337322
2018.01.09,82,55,23.967951
2018.01.10,83,55,24.260244
2018.01.11,75,55,21.921906
2018.01.12,66,55,19.291277
2018.01.13,63,55,18.4144
2018.01.14,80,60,23.462688
2018.01.15,80,60,23.462688
2018.01.16,71,60,20.823133
2018.01.17,88,60,25.808956
2018.01.18,74,60,21.702986
2018.01.19,68,60,19.943283
2018.01.20,75,60,21.996269
2018.01.21,54,48,15.504657
2018.01.22,67,48,19.237261
2018.01.23,80,48,22.969862
2018.01.24,57,48,16.366028
2018.01.25,55,48,15.79178
2018.01.26,54,48,15.504657
2018.01.27,71,48,20.385754
2018.01.28,68,52,20.096142
2018.01.29,75,52,22.164862
2018.01.30,61,52,18.02742
2018.01.31,47,52,13.88998
2018.02.01,80,52,23.642519
2018.02.02,56,52,16.549763
2018.02.03,74,52,21.869329
2018.02.04,46,47,13.328094
2018.02.05,77,47,22.310072
2018.02.06,46,47,13.328094
2018.02.07,61,47,17.674212
2018.02.08,72,47,20.861364
2018.02.09,52,47,15.066541
2018.02.10,71,47,20.571625
2018.02.11,67,52,18.743492
2018.02.12,72,52,20.14226
2018.02.13,61,52,17.064972
2018.02.14,79,52,22.100534
2018.02.15,75,52,20.981522
2018.02.16,68,52,19.023247
2018.02.17,65,52,18.183985
2018.02.18,72,60,20.616392
2018.02.19,87,60,24.911474
2018.02.20,85,60,24.338799
2018.02.21,93,60,26.629507
2018.02.22,54,60,15.462295
2018.02.23,80,60,22.907103
2018.02.24,78,60,22.334425
2018.02.25,75,51,22.07379
2018.02.26,65,51,19.130617
2018.02.27,88,51,25.899914
2018.02.28,59,51,17.364716
2018.03.01,61,51,17.953348
2018.03.02,58,51,17.070396
2018.03.03,48,51,14.127226
2018.03.04,63,54,18.377815
2018.03.05,87,54,25.378885
2018.03.06,55,54,16.044123
2018.03.07,65,54,18.961237
2018.03.08,70,54,20.419794
2018.03.09,67,54,19.544661
2018.03.10,78,54,22.753485
2018.03.11,71,55,20.060982
2018.03.12,100,55,28.254906
2018.03.13,53,55,14.9751
2018.03.14,62,55,17.51804
2018.03.15,64,55,18.083139
2018.03.16,77,55,21.756275
2018.03.17,83,55,23.451571
2018.03.18,71,49,19.311398
2018.03.19,69,49,18.767416
2018.03.20,65,49,17.679449
2018.03.21,73,49,19.855381
2018.03.22,71,49,19.311398
2018.03.23,67,49,18.223431
2018.03.24,56,49,15.231524
2018.03.25,61,49,17.677607
2018.03.26,64,49,18.546997
2018.03.27,63,49,18.257202
2018.03.28,59,49,17.098015
2018.03.29,62,49,17.967403
2018.03.30,58,49,16.808216
2018.03.31,76,49,22.024559
2018.04.01,79,52,23.047026
2018.04.02,58,52,16.920601
2018.04.03,76,52,22.17182
2018.04.04,59,52,17.212334
2018.04.05,68,52,19.837946
2018.04.06,63,52,18.379272
2018.04.07,64,52,18.671007
2018.04.08,65,53,18.382687
2018.04.09,65,53,18.382687
2018.04.10,63,53,17.817066
2018.04.11,77,53,21.776415
2018.04.12,69,53,19.513929
2018.04.13,78,53,22.059225
2018.04.14,74,53,20.927982
2018.04.15,81,56,23.960323
2018.04.16,86,56,25.439356
2018.04.17,64,56,18.931614
2018.04.18,67,56,19.819033
2018.04.19,71,56,21.002258
2018.04.20,63,56,18.635807
2018.04.21,64,56,18.931614
2018.04.22,57,50,16.33917
2018.04.23,57,50,16.33917
2018.04.24,66,50,18.919039
2018.04.25,69,50,19.778996
2018.04.26,64,50,18.345734
2018.04.27,70,50,20.065647
2018.04.28,74,50,21.212255
2018.04.29,75,50,21.736729
2018.04.30,72,50,20.867258
2018.05.01,57,50,16.519913
2018.05.02,73,50,21.157082
2018.05.03,61,50,17.679205
2018.05.04,57,50,16.519913
2018.05.05,57,50,16.519913
2018.05.06,81,56,23.256987
2018.05.07,70,56,20.098631
2018.05.08,86,56,24.692604
2018.05.09,50,56,14.356164
2018.05.10,62,56,17.801643
2018.05.11,81,56,23.256987
2018.05.12,81,56,23.256987
2018.05.13,70,54,20.088438
2018.05.14,72,54,20.662392
2018.05.15,64,54,18.366571
2018.05.16,72,54,20.662392
2018.05.17,81,54,23.245192
2018.05.18,40,54,11.479107
2018.05.19,94,54,26.975903
2018.05.20,57,56,16.144865
2018.05.21,86,56,24.358921
2018.05.22,73,56,20.676758
2018.05.23,71,56,20.110271
2018.05.24,72,56,20.393515
2018.05.25,91,56,25.775137
2018.05.26,68,56,19.260542
2018.05.27,73,60,21.369833
2018.05.28,71,60,20.784359
2018.05.29,81,60,23.711733
2018.05.30,74,60,21.662569
2018.05.31,92,60,26.931845
2018.06.01,78,60,22.833521
2018.06.02,68,60,19.906145
2018.06.03,85,54,24.343727
2018.06.04,89,54,25.489313
2018.06.05,78,54,22.338947
2018.06.06,66,54,18.902187
2018.06.07,58,54,16.611012
2018.06.08,61,54,17.470203
2018.06.09,57,54,16.324617
2018.06.10,74,57,21.668941
2018.06.11,73,57,21.37612
2018.06.12,68,57,19.912003
2018.06.13,74,57,21.668941
2018.06.14,83,57,24.304354
2018.06.15,77,57,22.547413
2018.06.16,61,57,17.862238
2018.06.17,79,57,22.688194
2018.06.18,55,57,15.795577
2018.06.19,54,57,15.508385
2018.06.20,81,57,23.262577
2018.06.21,96,57,27.570461
2018.06.22,87,57,24.985731
2018.06.23,68,57,19.529078
2018.06.24,60,52,17.173111
2018.06.25,75,52,21.466389
2018.06.26,79,52,22.611261
2018.06.27,64,52,18.317984
2018.06.28,65,52,18.604202
2018.06.29,63,52,18.031765
2018.06.30,70,52,20.035294
2018.07.01,70,51,19.90085
2018.07.02,74,51,21.038042
2018.07.03,68,51,19.332254
2018.07.04,58,51,16.489277
2018.07.05,69,51,19.616552
2018.07.06,69,51,19.616552
2018.07.07,62,51,17.626467
2018.07.08,76,48,21.971863
2018.07.09,59,48,17.057104
2018.07.10,47,48,13.587862
2018.07.11,64,48,18.502621
2018.07.12,61,48,17.635311
2018.07.13,72,48,20.815449
2018.07.14,56,48,16.189793
2018.07.15,69,46,19.612923
2018.07.16,67,46,19.044434
2018.07.17,75,46,21.318396
2018.07.18,50,46,14.212263
2018.07.19,58,46,16.486227
2018.07.20,52,46,14.780754
2018.07.21,53,46,15.064999
2018.07.22,65,56,18.736345
2018.07.23,65,56,18.736345
2018.07.24,55,56,15.853831
2018.07.25,92,56,26.519135
2018.07.26,84,56,24.213123
2018.07.27,58,56,16.718584
2018.07.28,90,56,25.942631
2018.07.29,61,54,17.36475
2018.07.30,82,54,23.342777
2018.07.31,75,54,21.3501
2018.08.01,77,54,21.919437
2018.08.02,71,54,20.21143
2018.08.03,61,54,17.36475
2018.08.04,70,54,19.926762
2018.08.05,69,57,20.008661
2018.08.06,63,57,18.268778
2018.08.07,87,57,25.228312
2018.08.08,78,57,22.618488
2018.08.09,84,57,24.35837
2018.08.10,69,57,20.008661
2018.08.11,65,57,18.84874
2018.08.12,71,52,20.450403
2018.08.13,62,52,17.858099
2018.08.14,61,52,17.570063
2018.08.15,57,52,16.417929
2018.08.16,84,52,24.194843
2018.08.17,66,52,19.010233
2018.08.18,72,52,20.738436
2018.08.19,64,59,18.808212
2018.08.20,96,59,28.21232
2018.08.21,81,59,23.804144
2018.08.22,70,59,20.571482
2018.08.23,64,59,18.808212
2018.08.24,78,59,22.922508
2018.08.25,73,59,21.453117
2018.08.26,78,56,22.661703
2018.08.27,69,56,20.04689
2018.08.28,73,56,21.20903
2018.08.29,81,56,23.533308
2018.08.30,74,56,21.499563
2018.08.31,60,56,17.432079
2018.09.01,70,56,20.337425
2018.09.02,73,57,21.086693
2018.09.03,89,57,25.708433
2018.09.04,53,57,15.309517
2018.09.05,65,57,18.775822
2018.09.06,76,57,21.95327
2018.09.07,83,57,23.975281
2018.09.08,78,57,22.530987
2018.09.09,66,59,18.685495
2018.09.10,54,59,15.288132
2018.09.11,97,59,27.462015
2018.09.12,82,59,23.215311
2018.09.13,95,59,26.895786
2018.09.14,76,59,21.51663
2018.09.15,76,59,21.51663
2018.09.16,77,58,22.50177
2018.09.17,69,58,20.163923
2018.09.18,66,58,19.287231
2018.09.19,82,58,23.962925
2018.09.20,78,58,22.794001
2018.09.21,79,58,23.086231
2018.09.22,69,58,20.163923
2018.09.23,70,58,20.032393
2018.09.24,72,58,20.604748
2018.09.25,100,58,28.617706
2018.09.26,81,58,23.180342
2018.09.27,82,58,23.466518
2018.09.28,77,58,22.035631
2018.09.29,49,58,14.022676
2018.09.30,50,54,14.290909
2018.10.01,76,54,21.722181
2018.10.02,72,54,20.578909
2018.10.03,73,54,20.864727
2018.10.04,79,54,22.579636
2018.10.05,61,54,17.43491
2018.10.06,84,54,24.008728
2018.10.07,88,55,25.721703
2018.10.08,68,55,19.875862
2018.10.09,57,55,16.660648
2018.10.10,76,55,22.214199
2018.10.11,59,55,17.245232
2018.10.12,67,55,19.58357
2018.10.13,78,55,22.798782
2018.10.14,60,57,17.466667
2018.10.15,74,57,21.542223
2018.10.16,71,57,20.668888
2018.10.17,79,57,22.99778
2018.10.18,79,57,22.99778
2018.10.19,67,57,19.504444
2018.10.20,83,57,24.162224
2018.10.21,48,58,13.893486
2018.10.22,83,58,24.024153
2018.10.23,75,58,21.708572
2018.10.24,75,58,21.708572
2018.10.25,66,58,19.103542
2018.10.26,97,58,28.076418
2018.10.27,81,58,23.445257
2018.10.28,75,54,21.833332
2018.10.29,64,54,18.631111
2018.10.30,81,54,23.58
2018.10.31,70,54,20.377777
2018.11.01,86,54,25.035555
2018.11.02,55,54,16.01111
2018.11.03,55,54,16.01111
2018.11.04,85,55,23.876219
2018.11.05,54,55,15.168421
2018.11.06,87,55,24.438011
2018.11.07,92,55,25.842495
2018.11.08,61,55,17.134699
2018.11.09,76,55,21.348148
2018.11.10,58,55,16.292009
2018.11.11,57,52,16.044794
2018.11.12,89,52,25.052397
2018.11.13,83,52,23.36347
2018.11.14,48,52,13.511404
2018.11.15,61,52,17.170742
2018.11.16,73,52,20.548594
2018.11.17,73,52,20.548594
2018.11.18,60,49,17.34865
2018.11.19,54,49,15.613785
2018.11.20,73,49,21.107523
2018.11.21,57,49,16.481218
2018.11.22,62,49,17.926939
2018.11.23,81,49,23.420677
2018.11.24,57,49,16.481218
2018.11.25,77,51,21.660507
2018.11.26,65,51,18.284843
2018.11.27,68,51,19.128759
2018.11.28,56,51,15.753097
2018.11.29,69,51,19.410065
2018.11.30,62,51,17.440928
2018.12.01,78,51,21.941813
2018.12.02,61,49,17.637794
2018.12.03,75,49,21.685812
2018.12.04,65,49,18.794371
2018.12.05,68,49,19.661804
2018.12.06,65,49,18.794371
2018.12.07,49,49,14.168065
2018.12.08,61,49,17.637794
2018.12.09,55,45,15.739077
2018.12.10,63,45,18.028397
2018.12.11,65,45,18.600729
2018.12.12,58,45,16.597572
2018.12.13,59,45,16.883738
2018.12.14,35,45,10.015777
2018.12.15,77,45,22.034708
2018.12.16,61,47,17.468699
2018.12.17,58,47,16.609581
2018.12.18,68,47,19.473303
2018.12.19,62,47,17.75507
2018.12.20,52,47,14.891349
2018.12.21,68,47,19.473303
2018.12.22,61,47,17.468699
2018.12.23,58,44,16.632439
2018.12.24,53,44,15.198608
2018.12.25,75,44,21.507463
2018.12.26,56,44,16.058907
2018.12.27,55,44,15.772141
2018.12.28,51,44,14.625075
2018.12.29,54,44,15.485373
2018.12.30,49,46,15.220309
2018.12.31,33,46,10.250413
2019.01.01,58,46,18.015877
2019.01.02,54,46,16.773403
2019.01.03,57,46,17.705257
2019.01.04,80,46,24.849485
2019.01.05,57,46,17.705257
2019.01.06,83,55,24.917294
2019.01.07,100,55,30.020834
2019.01.08,58,55,17.412085
2019.01.09,60,55,18.012503
2019.01.10,66,55,19.813751
2019.01.11,62,55,18.612917
2019.01.12,51,55,15.310627
2019.01.13,56,50,17.425177
2019.01.14,50,50,15.558195
2019.01.15,73,50,22.714964
2019.01.16,66,50,20.536818
2019.01.17,79,50,24.581947
2019.01.18,42,50,13.068883
2019.01.19,55,50,17.114014
2019.01.20,66,46,19.737766
2019.01.21,66,46,19.737766
2019.01.22,66,46,19.737766
2019.01.23,58,46,17.34531
2019.01.24,57,46,17.046253
2019.01.25,49,46,14.653796
2019.01.26,41,46,12.26134
2019.01.27,54,46,16.270201
2019.01.28,59,46,17.776699
2019.01.29,62,46,18.680601
2019.01.30,65,46,19.584501
2019.01.31,58,46,17.475399
2019.02.01,55,46,16.571501
2019.02.02,47,46,14.1611
2019.02.03,51,44,15.191939
2019.02.04,65,44,19.362274
2019.02.05,63,44,18.766514
2019.02.06,62,44,18.468632
2019.02.07,49,44,14.596176
2019.02.08,57,44,16.979225
2019.02.09,40,44,11.915246
2019.02.10,66,45,19.502256
2019.02.11,51,45,15.069926
2019.02.12,56,45,16.547369
2019.02.13,67,45,19.797745
2019.02.14,53,45,15.660903
2019.02.15,49,45,14.478948
2019.02.16,57,45,16.842857
2019.02.17,54,54,16.75421
2019.02.18,59,54,18.305525
2019.02.19,51,54,15.823421
2019.02.20,94,54,29.164734
2019.02.21,65,54,20.167105
2019.02.22,77,54,23.890261
2019.02.23,56,54,17.374737
2019.02.24,60,49,18.696115
2019.02.25,72,49,22.435339
2019.02.26,56,49,17.449709
2019.02.27,64,49,19.942524
2019.02.28,70,49,21.812136
2019.03.01,54,49,16.826506
2019.03.02,36,49,11.217669
2019.03.03,61,51,18.566788
2019.03.04,67,51,20.39303
2019.03.05,75,51,22.82802
2019.03.06,54,51,16.436174
2019.03.07,65,51,19.784285
2019.03.08,52,51,15.827427
2019.03.09,65,51,19.784285
2019.03.10,37,52,11.353334
2019.03.11,78,52,23.934055
2019.03.12,59,52,18.103966
2019.03.13,71,52,21.786127
2019.03.14,47,52,14.421803
2019.03.15,70,52,21.47928
2019.03.16,82,52,25.161442
2019.03.17,71,52,21.737167
2019.03.18,61,52,18.675594
2019.03.19,70,52,21.431009
2019.03.20,46,52,14.083236
2019.03.21,72,52,22.043325
2019.03.22,64,52,19.594067
2019.03.23,61,52,18.675594
2019.03.24,68,53,20.350172
2019.03.25,64,53,19.153103
2019.03.26,79,53,23.642113
2019.03.27,55,53,16.459698
2019.03.28,63,53,18.853836
2019.03.29,59,53,17.656767
2019.03.30,76,53,22.74431
2019.03.31,55,50,16.678242
2019.04.01,37,50,11.219908
2019.04.02,59,50,17.891205
2019.04.03,54,50,16.375
2019.04.04,88,50,26.685184
2019.04.05,71,50,21.530092
2019.04.06,68,50,20.620371
2019.04.07,46,49,14.230072
2019.04.08,74,49,22.891855
2019.04.09,65,49,20.107712
2019.04.10,64,49,19.798361
2019.04.11,41,49,12.683325
2019.04.12,74,49,22.891855
2019.04.13,51,49,15.776819
2019.04.14,57,55,17.401905
2019.04.15,56,55,17.096609
2019.04.16,75,55,22.897245
2019.04.17,63,55,19.233686
2019.04.18,80,55,24.423729
2019.04.19,70,55,21.370762
2019.04.20,71,55,21.67606
2019.04.21,50,48,15.374084
2019.04.22,73,48,22.446161
2019.04.23,54,48,16.60401
2019.04.24,61,48,18.756382
2019.04.25,56,48,17.218973
2019.04.26,54,48,16.60401
2019.04.27,61,48,18.756382
2019.04.28,34,45,10.021501
2019.04.29,63,45,18.569252
2019.04.30,60,45,17.684999
2019.05.01,45,45,13.26375
2019.05.02,57,45,16.800751
2019.05.03,83,45,24.464252
2019.05.04,58,45,17.095501
2019.05.05,51,49,15.405601
2019.05.06,53,49,16.009741
2019.05.07,53,49,16.009741
2019.05.08,76,49,22.957365
2019.05.09,68,49,20.5408
2019.05.10,61,49,18.426306
2019.05.11,63,49,19.030447
2019.05.12,80,60,24.277994
2019.05.13,86,60,26.098843
2019.05.14,87,60,26.402317
2019.05.15,53,60,16.084169
2019.05.16,72,60,21.850195
2019.05.17,57,60,17.298071
2019.05.18,83,60,25.188416
2019.05.19,62,58,18.437416
2019.05.20,73,58,21.708572
2019.05.21,59,58,17.545284
2019.05.22,80,58,23.790216
2019.05.23,80,58,23.790216
2019.05.24,70,58,20.816439
2019.05.25,87,58,25.871861
2019.05.26,52,51,15.579014
2019.05.27,78,51,23.368519
2019.05.28,61,51,18.275381
2019.05.29,62,51,18.574976
2019.05.30,63,51,18.874573
2019.05.31,70,51,20.971748
2019.06.01,60,51,17.975784
2019.06.02,81,51,24.542448
2019.06.03,47,51,14.240681
2019.06.04,74,51,22.421497
2019.06.05,70,51,21.209524
2019.06.06,56,51,16.967621
2019.06.07,62,51,18.785578
2019.06.08,51,51,15.452653
2019.06.09,62,51,19.221439
2019.06.10,65,51,20.151508
2019.06.11,58,51,17.981346
2019.06.12,64,51,19.841486
2019.06.13,47,51,14.571091
2019.06.14,66,51,20.461531
2019.06.15,69,51,21.391602
2019.06.16,35,43,10.744143
2019.06.17,62,43,19.03248
2019.06.18,57,43,17.497602
2019.06.19,63,43,19.339455
2019.06.20,60,43,18.41853
2019.06.21,47,43,14.427848
2019.06.22,43,43,13.199945
2019.06.23,50,55,15.010417
2019.06.24,83,55,24.917294
2019.06.25,76,55,22.815834
2019.06.26,71,55,21.314793
2019.06.27,67,55,20.11396
2019.06.28,68,55,20.414167
2019.06.29,65,55,19.513542
2019.06.30,60,52,18.705723
2019.07.01,57,52,17.770435
2019.07.02,68,52,21.199818
2019.07.03,70,52,21.823341
2019.07.04,65,52,20.264532
2019.07.05,45,52,14.029291
2019.07.06,72,52,22.446867
2019.07.07,60,59,18.774899
2019.07.08,68,59,21.278219
2019.07.09,85,59,26.597773
2019.07.10,79,59,24.720285
2019.07.11,66,59,20.65239
2019.07.12,71,59,22.216965
2019.07.13,65,59,20.339474
2019.07.14,52,47,16.418667
2019.07.15,51,47,16.102922
2019.07.16,61,47,19.260359
2019.07.17,50,47,15.787179
2019.07.18,60,47,18.944614
2019.07.19,61,47,19.260359
2019.07.20,55,47,17.365896
2019.07.21,52,46,16.448925
2019.07.22,51,46,16.132599
2019.07.23,53,46,16.765249
2019.07.24,62,46,19.612179
2019.07.25,58,46,18.346878
2019.07.26,45,46,14.234647
2019.07.27,60,46,18.979528
2019.07.28,55,47,16.087173
2019.07.29,53,47,15.502186
2019.07.30,74,47,21.644562
2019.07.31,66,47,19.304609
2019.08.01,56,47,16.379667
2019.08.02,65,47,19.012114
2019.08.03,52,47,15.209692
2019.08.04,54,44,16.82465
2019.08.05,67,44,20.875029
2019.08.06,64,44,19.940325
2019.08.07,50,44,15.57838
2019.08.08,48,44,14.955243
2019.08.09,53,44,16.513083
2019.08.10,34,44,10.593298
2019.08.11,47,44,15.008754
2019.08.12,62,44,19.798782
2019.08.13,57,44,18.202106
2019.08.14,50,44,15.966759
2019.08.15,44,44,14.050748
2019.08.16,49,44,15.647425
2019.08.17,52,44,16.605429
2019.08.18,59,53,18.493771
2019.08.19,56,53,17.553408
2019.08.20,67,53,21.0014
2019.08.21,72,53,22.568668
2019.08.22,64,53,20.061039
2019.08.23,74,53,23.195576
2019.08.24,51,53,15.986139
2019.08.25,59,52,18.563881
2019.08.26,56,52,17.619953
2019.08.27,57,52,17.934595
2019.08.28,79,52,24.856722
2019.08.29,62,52,19.507805
2019.08.30,62,52,19.507805
2019.08.31,58,52,18.249237
2019.09.01,64,54,20.21143
2019.09.02,60,54,18.948215
2019.09.03,71,54,22.422054
2019.09.04,66,54,20.843037
2019.09.05,65,54,20.527233
2019.09.06,64,54,20.21143
2019.09.07,58,54,18.316608
2019.09.08,46,43,13.709948
2019.09.09,58,43,17.286455
2019.09.10,44,43,13.113863
2019.09.11,67,43,19.968836
2019.09.12,50,43,14.902117
2019.09.13,57,43,16.988413
2019.09.14,56,43,16.690371
2019.09.15,63,51,19.668365
2019.09.16,73,51,22.790329
2019.09.17,52,51,16.234207
2019.09.18,66,51,20.604954
2019.09.19,48,51,14.985421
2019.09.20,55,51,17.170794
2019.09.21,71,51,22.165936
2019.09.22,52,50,16.104021
2019.09.23,61,50,18.891254
2019.09.24,92,50,28.491726
2019.09.25,67,50,20.749411
2019.09.26,55,50,17.033098
2019.09.27,52,50,16.104021
2019.09.28,44,50,13.626478
2019.09.29,67,48,20.551025
2019.09.30,62,48,19.017366
2019.10.01,57,48,17.483707
2019.10.02,55,48,16.870243
2019.10.03,63,48,19.324099
2019.10.04,53,48,16.256781
2019.10.05,53,48,16.256781
2019.10.06,62,45,19.287071
2019.10.07,60,45,18.664907
2019.10.08,54,45,16.798418
2019.10.09,53,45,16.487335
2019.10.10,59,45,18.353827
2019.10.11,57,45,17.731663
2019.10.12,34,45,10.576781
2019.10.13,49,48,15.215407
2019.10.14,57,48,17.699554
2019.10.15,52,48,16.146963
2019.10.16,51,48,15.836445
2019.10.17,65,48,20.183702
2019.10.18,72,48,22.357332
2019.10.19,59,48,18.320593
2019.10.20,35,48,11.286155
2019.10.21,69,48,22.249847
2019.10.22,62,48,19.992617
2019.10.23,60,48,19.347692
2019.10.24,60,48,19.347692
2019.10.25,50,48,16.123077
2019.10.26,54,48,17.412924
2019.10.27,55,46,17.172541
2019.10.28,69,46,21.543732
2019.10.29,62,46,19.358137
2019.10.30,63,46,19.670364
2019.10.31,46,46,14.362488
2019.11.01,51,46,15.923629
2019.11.02,40,46,12.48912
2019.11.03,41,50,12.788095
2019.11.04,48,50,14.971429
2019.11.05,100,50,31.190475
2019.11.06,74,50,23.080952
2019.11.07,55,50,17.154762
2019.11.08,40,50,12.476191
2019.11.09,62,50,19.338095
2019.11.10,46,45,14.618329
2019.11.11,51,45,16.207277
2019.11.12,64,45,20.338545
2019.11.13,54,45,17.160646
2019.11.14,48,45,15.253908
2019.11.15,60,45,19.067387
2019.11.16,48,45,15.253908
2019.11.17,53,49,16.435122
2019.11.18,71,49,22.016861
2019.11.19,61,49,18.915894
2019.11.20,42,49,13.024057
2019.11.21,63,49,19.536087
2019.11.22,60,49,18.605797
2019.11.23,64,49,19.846184
2019.11.24,54,51,16.780186
2019.11.25,60,51,18.644651
2019.11.26,60,51,18.644651
2019.11.27,71,51,22.062838
2019.11.28,57,51,17.71242
2019.11.29,70,51,21.752094
2019.11.30,58,51,18.023163
2019.12.01,52,47,16.088644
2019.12.02,56,47,17.326231
2019.12.03,49,47,15.160452
2019.12.04,87,47,26.917538
2019.12.05,43,47,13.30407
2019.12.06,51,47,15.779246
2019.12.07,60,47,18.563818
2019.12.08,62,45,18.695141
2019.12.09,45,45,13.569054
2019.12.10,63,45,18.996675
2019.12.11,67,45,20.202814
2019.12.12,58,45,17.489002
2019.12.13,47,45,14.172122
2019.12.14,49,45,14.775191
2019.12.15,60,48,19.102787
2019.12.16,49,48,15.600609
2019.12.17,57,48,18.147648
2019.12.18,46,48,14.64547
2019.12.19,69,48,21.968204
2019.12.20,64,48,20.376305
2019.12.21,50,48,15.918988
2019.12.22,41,43,12.974888
2019.12.23,54,43,17.088877
2019.12.24,51,43,16.139494
2019.12.25,47,43,14.873652
2019.12.26,67,43,21.202866
2019.12.27,55,43,17.405336
2019.12.28,41,43,12.974888
2019.12.29,54,38,16.696398
2019.12.30,53,38,16.387205
2019.12.31,31,38,9.5849695
2020.01.01,43,38,13.29528
2020.01.02,39,38,12.05851
2020.01.03,52,38,16.078012
2020.01.04,50,38,15.459628
