date,raw_daily,raw_weekly,medications2_harmonized_daily
2015.12.27,9,8,4.3909092
2015.12.28,14,8,6.8303032
2015.12.29,16,8,7.8060608
2015.12.30,11,8,5.3666668
2015.12.31,14,8,6.8303032
2016.01.01,5,8,2.439394
2016.01.02,11,8,5.3666668
2016.01.03,8,6,3.4952512
2016.01.04,6,6,2.6214385
2016.01.05,7,6,3.0583446
2016.01.06,13,6,5.6797833
2016.01.07,10,6,4.3690639
2016.01.08,12,6,5.242877
2016.01.09,11,6,4.8059707
2016.01.10,6,7,2.8069739
2016.01.11,10,7,4.6782899
2016.01.12,15,7,7.0174346
2016.01.13,11,7,5.1461186
2016.01.14,12,7,5.6139479
2016.01.15,8,7,3.7426319
2016.01.16,11,7,5.1461186
2016.01.17,7,7,3.1455348
2016.01.18,13,7,5.8417072
2016.01.19,15,7,6.7404308
2016.01.20,15,7,6.7404308
2016.01.21,10,7,4.4936209
2016.01.22,7,7,3.1455348
2016.01.23,9,7,4.0442586
2016.01.24,11,9,5.1935487
2016.01.25,16,9,7.5542526
2016.01.26,11,9,5.1935487
2016.01.27,14,9,6.609971
2016.01.28,15,9,7.0821114
2016.01.29,10,9,4.7214079
2016.01.30,16,9,7.5542526
2016.01.31,10,11,4.9691358
2016.02.01,11,11,5.4660492
2016.02.02,16,11,7.9506173
2016.02.03,14,11,6.95679
2016.02.04,19,11,9.4413576
2016.02.05,15,11,7.4537034
2016.02.06,23,11,11.429012
2016.02.07,15,14,6.8761444
2016.02.08,26,14,11.918651
2016.02.09,28,14,12.835469
2016.02.10,27,14,12.377059
2016.02.11,20,14,9.1681929
2016.02.12,18,14,8.2513733
2016.02.13,15,14,6.8761444
2016.02.14,20,23,9.3901367
2016.02.15,31,23,14.554712
2016.02.16,31,23,14.554712
2016.02.17,43,23,20.188793
2016.02.18,40,23,18.780273
2016.02.19,42,23,19.719286
2016.02.20,32,23,15.024219
2016.02.21,45,35,20.824095
2016.02.22,52,35,24.063398
2016.02.23,59,35,27.302704
2016.02.24,61,35,28.228218
2016.02.25,57,35,26.377188
2016.02.26,42,35,19.435822
2016.02.27,53,35,24.526155
2016.02.28,85,52,37.633934
2016.02.29,77,52,34.091915
2016.03.01,87,52,38.519436
2016.03.02,68,52,30.107145
2016.03.03,73,52,32.320908
2016.03.04,89,52,39.404942
2016.03.05,94,52,41.618702
2016.03.06,100,56,45.384075
2016.03.07,93,56,42.207191
2016.03.08,85,56,38.576466
2016.03.09,95,56,43.114872
2016.03.10,88,56,39.937984
2016.03.11,68,56,30.861172
2016.03.12,73,56,33.130375
2016.03.13,54,44,24.150002
2016.03.14,44,44,19.67778
2016.03.15,69,44,30.858335
2016.03.16,87,44,38.908337
2016.03.17,84,44,37.566673
2016.03.18,78,44,34.883335
2016.03.19,64,44,28.622225
2016.03.20,60,38,26.173262
2016.03.21,65,38,28.354366
2016.03.22,76,38,33.152798
2016.03.23,67,38,29.226809
2016.03.24,62,38,27.045702
2016.03.25,41,38,17.885061
2016.03.26,54,38,23.555935
2016.03.27,39,26,17.542877
2016.03.28,40,26,17.992693
2016.03.29,37,26,16.643242
2016.03.30,43,26,19.342146
2016.03.31,45,26,20.241781
2016.04.01,35,26,15.743608
2016.04.02,43,26,19.342146
2016.04.03,29,19,13.441061
2016.04.04,31,19,14.368031
2016.04.05,31,19,14.368031
2016.04.06,30,19,13.904547
2016.04.07,28,19,12.977577
2016.04.08,26,19,12.050607
2016.04.09,25,19,11.587122
2016.04.10,25,16,11.215604
2016.04.11,26,16,11.664228
2016.04.12,28,16,12.561477
2016.04.13,25,16,11.215604
2016.04.14,24,16,10.766979
2016.04.15,18,16,8.0752354
2016.04.16,28,16,12.561477
2016.04.17,18,12,8.4985342
2016.04.18,21,12,9.9149561
2016.04.19,17,12,8.0263939
2016.04.20,19,12,8.9706745
2016.04.21,16,12,7.5542526
2016.04.22,17,12,8.0263939
2016.04.23,16,12,7.5542526
2016.04.24,16,12,7.4938183
2016.04.25,20,12,9.3672724
2016.04.26,19,12,8.8989096
2016.04.27,20,12,9.3672724
2016.04.28,16,12,7.4938183
2016.04.29,17,12,7.962182
2016.04.30,17,12,7.962182
2016.05.01,13,10,6.0404043
2016.05.02,15,10,6.969697
2016.05.03,15,10,6.969697
2016.05.04,15,10,6.969697
2016.05.05,17,10,7.8989906
2016.05.06,16,10,7.4343438
2016.05.07,14,10,6.5050511
2016.05.08,16,9,7.8060613
2016.05.09,10,9,4.8787885
2016.05.10,12,9,5.8545461
2016.05.11,13,9,6.3424249
2016.05.12,11,9,5.3666673
2016.05.13,12,9,5.8545461
2016.05.14,16,9,7.8060613
2016.05.15,13,10,5.8187385
2016.05.16,14,10,6.2663331
2016.05.17,14,10,6.2663331
2016.05.18,14,10,6.2663331
2016.05.19,18,10,8.0567141
2016.05.20,16,10,7.1615238
2016.05.21,20,10,8.9519053
2016.05.22,16,10,7.3642077
2016.05.23,19,10,8.744997
2016.05.24,23,10,10.586049
2016.05.25,16,10,7.3642077
2016.05.26,9,10,4.1423669
2016.05.27,12,10,5.5231562
2016.05.28,11,10,5.0628929
2016.05.29,13,7,5.7658401
2016.05.30,10,7,4.4352617
2016.05.31,12,7,5.3223143
2016.06.01,9,7,3.9917355
2016.06.02,10,7,4.4352617
2016.06.03,12,7,5.3223143
2016.06.04,11,7,4.878788
2016.06.05,6,6,2.787879
2016.06.06,11,6,5.1111112
2016.06.07,7,6,3.2525256
2016.06.08,12,6,5.575758
2016.06.09,9,6,4.1818185
2016.06.10,10,6,4.6464648
2016.06.11,8,6,3.7171719
2016.06.12,6,6,2.8328447
2016.06.13,7,6,3.3049855
2016.06.14,12,6,5.6656895
2016.06.15,8,6,3.7771263
2016.06.16,8,6,3.7771263
2016.06.17,11,6,5.1935487
2016.06.18,10,6,4.7214079
2016.06.19,9,6,4.6220098
2016.06.20,9,6,4.6220098
2016.06.21,7,6,3.5948963
2016.06.22,11,6,5.6491227
2016.06.23,6,6,3.0813396
2016.06.24,9,6,4.6220098
2016.06.25,6,6,3.0813396
2016.06.26,13,6,5.8545461
2016.06.27,9,6,4.0531473
2016.06.28,9,6,4.0531473
2016.06.29,9,6,4.0531473
2016.06.30,6,6,2.7020979
2016.07.01,10,6,4.5034966
2016.07.02,9,6,4.0531473
2016.07.03,30,6,3.4574091
2016.07.04,24,6,2.7659273
2016.07.05,25,6,2.8811743
2016.07.06,39,6,4.4946318
2016.07.07,53,6,6.108089
2016.07.08,33,6,3.8031499
2016.07.09,50,6,5.7623487
2016.07.10,35,6,3.9104791
2016.07.11,34,6,3.7987511
2016.07.12,46,6,5.1394868
2016.07.13,39,6,4.3573909
2016.07.14,36,6,4.0222073
2016.07.15,39,6,4.3573909
2016.07.16,33,6,3.6870234
2016.07.17,26,5,2.8314395
2016.07.18,37,5,4.029356
2016.07.19,40,5,4.356061
2016.07.20,32,5,3.4848485
2016.07.21,29,5,3.158144
2016.07.22,29,5,3.158144
2016.07.23,31,5,3.375947
2016.07.24,57,7,6.7827053
2016.07.25,29,7,3.45085
2016.07.26,41,7,4.878788
2016.07.27,61,7,7.2586842
2016.07.28,16,7,1.9039173
2016.07.29,39,7,4.6407981
2016.07.30,44,7,5.2357726
2016.07.31,33,6,3.8951616
2016.08.01,36,6,4.2492671
2016.08.02,45,6,5.311584
2016.08.03,38,6,4.4853373
2016.08.04,32,6,3.7771263
2016.08.05,29,6,3.4230206
2016.08.06,35,6,4.1312318
2016.08.07,21,6,2.6158607
2016.08.08,27,6,3.3632493
2016.08.09,43,6,5.356286
2016.08.10,23,6,2.8649902
2016.08.11,45,6,5.6054158
2016.08.12,39,6,4.858027
2016.08.13,37,6,4.6088977
2016.08.14,51,6,6.2991943
2016.08.15,46,6,5.6816263
2016.08.16,35,6,4.3229771
2016.08.17,36,6,4.4464903
2016.08.18,18,6,2.2232451
2016.08.19,29,6,3.5818949
2016.08.20,22,6,2.7172997
2016.08.21,40,6,4.3048129
2016.08.22,40,6,4.3048129
2016.08.23,47,6,5.0581551
2016.08.24,39,6,4.1971927
2016.08.25,51,6,5.4886365
2016.08.26,40,6,4.3048129
2016.08.27,15,6,1.6143048
2016.08.28,41,6,4.878788
2016.08.29,11,6,1.3089432
2016.08.30,43,6,5.1167779
2016.08.31,30,6,3.5698447
2016.09.01,42,6,4.9977827
2016.09.02,39,6,4.6407981
2016.09.03,40,6,4.7597933
2016.09.04,27,7,3.0736363
2016.09.05,46,7,5.2365656
2016.09.06,39,7,4.4396973
2016.09.07,51,7,5.8057575
2016.09.08,43,7,4.8950505
2016.09.09,52,7,5.9195957
2016.09.10,42,7,4.7812119
2016.09.11,35,6,3.659091
2016.09.12,40,6,4.1818185
2016.09.13,64,6,6.6909094
2016.09.14,55,6,5.75
2016.09.15,17,6,1.7772729
2016.09.16,21,6,2.1954546
2016.09.17,48,6,5.0181823
2016.09.18,27,6,3.0051847
2016.09.19,36,6,4.0069132
2016.09.20,35,6,3.8956099
2016.09.21,57,6,6.3442793
2016.09.22,44,6,4.8973379
2016.09.23,45,6,5.0086412
2016.09.24,19,6,2.1147597
2016.09.25,41,7,4.5758567
2016.09.26,40,7,4.4642506
2016.09.27,50,7,5.5803127
2016.09.28,42,7,4.6874628
2016.09.29,42,7,4.6874628
2016.09.30,41,7,4.5758567
2016.10.01,50,7,5.5803127
2016.10.02,33,8,3.9509203
2016.10.03,34,8,4.0706453
2016.10.04,46,8,5.5073438
2016.10.05,59,8,7.063767
2016.10.06,48,8,5.7467933
2016.10.07,61,8,7.3032169
2016.10.08,45,8,5.387619
2016.10.09,43,10,4.6310787
2016.10.10,50,10,5.3849759
2016.10.11,55,10,5.9234734
2016.10.12,100,10,10.769952
2016.10.13,71,10,7.6466651
2016.10.14,65,10,7.0004687
2016.10.15,69,10,7.4312663
2016.10.16,42,8,5.0909095
2016.10.17,43,8,5.2121215
2016.10.18,41,8,4.9696975
2016.10.19,63,8,7.636364
2016.10.20,33,8,4
2016.10.21,47,8,5.69697
2016.10.22,53,8,6.4242425
2016.10.23,55,9,6.1923075
2016.10.24,90,9,10.132867
2016.10.25,60,9,6.7552447
2016.10.26,56,9,6.3048949
2016.10.27,44,9,4.953846
2016.10.28,39,9,4.3909092
2016.10.29,46,9,5.1790209
2016.10.30,49,9,5.6471014
2016.10.31,50,9,5.7623487
2016.11.01,40,9,4.609879
2016.11.02,63,9,7.2605586
2016.11.03,67,9,7.7215471
2016.11.04,54,9,6.2233362
2016.11.05,58,9,6.6843238
2016.11.06,50,10,5.8498659
2016.11.07,62,10,7.2538333
2016.11.08,67,10,7.8388205
2016.11.09,55,10,6.4348521
2016.11.10,51,10,5.9668632
2016.11.11,82,10,9.5937796
2016.11.12,50,10,5.8498659
2016.11.13,36,9,4.0018415
2016.11.14,65,9,7.2255468
2016.11.15,48,9,5.3357882
2016.11.16,64,9,7.1143847
2016.11.17,58,9,6.4474111
2016.11.18,78,9,8.6706562
2016.11.19,46,9,5.1134639
2016.11.20,48,9,5.6504998
2016.11.21,79,9,9.2997808
2016.11.22,62,9,7.298562
2016.11.23,36,9,4.237875
2016.11.24,60,9,7.0631251
2016.11.25,54,9,6.3568125
2016.11.26,34,9,4.0024371
2016.11.27,41,9,4.6160836
2016.11.28,73,9,8.2188807
2016.11.29,61,9,6.8678322
2016.11.30,46,9,5.1790209
2016.12.01,65,9,7.3181815
2016.12.02,61,9,6.8678322
2016.12.03,43,9,4.8412585
2016.12.04,18,6,1.95877
2016.12.05,39,6,4.2440019
2016.12.06,43,6,4.6792836
2016.12.07,65,6,7.0733356
2016.12.08,51,6,5.5498481
2016.12.09,32,6,3.4822576
2016.12.10,21,6,2.2852316
2016.12.11,37,9,4.3555937
2016.12.12,60,9,7.0631251
2016.12.13,63,9,7.4162812
2016.12.14,57,9,6.7099686
2016.12.15,45,9,5.2973437
2016.12.16,57,9,6.7099686
2016.12.17,54,9,6.3568125
2016.12.18,26,7,2.9896951
2016.12.19,47,7,5.404449
2016.12.20,62,7,7.1292729
2016.12.21,66,7,7.5892262
2016.12.22,42,7,4.8295074
2016.12.23,30,7,3.4496481
2016.12.24,24,7,2.7597187
2016.12.25,33,7,3.7317879
2016.12.26,48,7,5.4280553
2016.12.27,39,7,4.410295
2016.12.28,48,7,5.4280553
2016.12.29,44,7,4.9757171
2016.12.30,30,7,3.3925345
2016.12.31,60,7,6.785069
2017.01.01,12,7,5.392345
2017.01.02,14,7,6.2910695
2017.01.03,7,7,3.1455348
2017.01.04,10,7,4.4936209
2017.01.05,10,7,4.4936209
2017.01.06,10,7,4.4936209
2017.01.07,13,7,5.8417072
2017.01.08,12,8,5.7117519
2017.01.09,11,8,5.2357726
2017.01.10,14,8,6.6637106
2017.01.11,10,8,4.7597933
2017.01.12,14,8,6.6637106
2017.01.13,8,8,3.8078346
2017.01.14,13,8,6.1877313
2017.01.15,9,8,3.8601401
2017.01.16,10,8,4.2890444
2017.01.17,17,8,7.2913761
2017.01.18,12,8,5.1468534
2017.01.19,15,8,6.4335666
2017.01.20,15,8,6.4335666
2017.01.21,13,8,5.575758
2017.01.22,12,10,5.3223143
2017.01.23,11,10,4.878788
2017.01.24,16,10,7.0964189
2017.01.25,18,10,7.9834709
2017.01.26,15,10,6.6528926
2017.01.27,20,10,8.8705235
2017.01.28,18,10,7.9834709
2017.01.29,14,16,5.939394
2017.01.30,34,16,14.424243
2017.01.31,24,16,10.181818
2017.02.01,34,16,14.424243
2017.02.02,21,16,8.909091
2017.02.03,25,16,10.606061
2017.02.04,32,16,13.575757
2017.02.05,21,19,9.3588285
2017.02.06,34,19,15.15239
2017.02.07,32,19,14.261072
2017.02.08,27,19,12.032781
2017.02.09,28,19,12.478439
2017.02.10,39,19,17.380682
2017.02.11,27,19,12.032781
2017.02.12,22,24,9.540741
2017.02.13,46,24,19.948822
2017.02.14,37,24,16.04579
2017.02.15,39,24,16.91313
2017.02.16,42,24,18.21414
2017.02.17,50,24,21.6835
2017.02.18,34,24,14.744781
2017.02.19,45,34,19.540695
2017.02.20,63,34,27.356974
2017.02.21,63,34,27.356974
2017.02.22,56,34,24.31731
2017.02.23,43,34,18.67222
2017.02.24,56,34,24.31731
2017.02.25,56,34,24.31731
2017.02.26,47,43,20.584614
2017.02.27,76,43,33.285759
2017.02.28,74,43,32.409817
2017.03.01,65,43,28.468082
2017.03.02,51,43,22.336496
2017.03.03,73,43,31.971848
2017.03.04,93,43,40.731258
2017.03.05,94,50,40.2286
2017.03.06,100,50,42.796387
2017.03.07,99,50,42.36842
2017.03.08,80,50,34.23711
2017.03.09,70,50,29.95747
2017.03.10,63,50,26.961721
2017.03.11,64,50,27.389687
2017.03.12,67,42,29.588167
2017.03.13,70,42,30.91301
2017.03.14,66,42,29.146553
2017.03.15,60,42,26.496866
2017.03.16,66,42,29.146553
2017.03.17,62,42,27.380095
2017.03.18,73,42,32.237854
2017.03.19,82,35,33.578228
2017.03.20,67,35,27.435869
2017.03.21,55,35,22.521982
2017.03.22,68,35,27.84536
2017.03.23,49,35,20.065039
2017.03.24,46,35,18.836567
2017.03.25,50,35,20.474529
2017.03.26,27,20,12.310961
2017.03.27,37,20,16.870577
2017.03.28,34,20,15.502691
2017.03.29,31,20,14.134807
2017.03.30,30,20,13.678845
2017.03.31,34,20,15.502691
2017.04.01,21,20,9.5751915
2017.04.02,31,20,14.069063
2017.04.03,34,20,15.430586
2017.04.04,37,20,16.792109
2017.04.05,36,20,16.338266
2017.04.06,31,20,14.069063
2017.04.07,19,20,8.6229744
2017.04.08,27,20,12.2537
2017.04.09,20,19,9.0879383
2017.04.10,27,19,12.268717
2017.04.11,27,19,12.268717
2017.04.12,29,19,13.17751
2017.04.13,30,19,13.631908
2017.04.14,38,19,17.267082
2017.04.15,33,19,14.995098
2017.04.16,40,17,18.329147
2017.04.17,23,17,10.53926
2017.04.18,28,17,12.830404
2017.04.19,20,17,9.1645737
2017.04.20,26,17,11.913946
2017.04.21,23,17,10.53926
2017.04.22,21,17,9.6228027
2017.04.23,17,14,8.0079422
2017.04.24,28,14,13.18955
2017.04.25,23,14,10.834274
2017.04.26,24,14,11.305329
2017.04.27,19,14,8.9500523
2017.04.28,18,14,8.4789972
2017.04.29,16,14,7.5368862
2017.04.30,17,13,7.5399451
2017.05.01,25,13,11.088155
2017.05.02,22,13,9.757576
2017.05.03,23,13,10.201102
2017.05.04,18,13,7.9834709
2017.05.05,20,13,8.8705235
2017.05.06,18,13,7.9834709
2017.05.07,13,11,5.6720867
2017.05.08,19,11,8.2899733
2017.05.09,21,11,9.1626015
2017.05.10,17,11,7.4173446
2017.05.11,18,11,7.8536587
2017.05.12,21,11,9.1626015
2017.05.13,14,11,6.1084013
2017.05.14,12,10,5.2743654
2017.05.15,15,10,6.5929575
2017.05.16,15,10,6.5929575
2017.05.17,20,10,8.7906094
2017.05.18,12,10,5.2743654
2017.05.19,19,10,8.351079
2017.05.20,18,10,7.9115486
2017.05.21,17,11,7.5399451
2017.05.22,22,11,9.757576
2017.05.23,25,11,11.088155
2017.05.24,17,11,7.5399451
2017.05.25,14,11,6.2093668
2017.05.26,15,11,6.6528926
2017.05.27,11,11,4.878788
2017.05.28,15,9,6.5211525
2017.05.29,17,9,7.3906388
2017.05.30,15,9,6.5211525
2017.05.31,14,9,6.0864091
2017.06.01,14,9,6.0864091
2017.06.02,14,9,6.0864091
2017.06.03,12,9,5.2169218
2017.06.04,8,7,3.5027196
2017.06.05,14,7,6.1297588
2017.06.06,13,7,5.6919198
2017.06.07,11,7,4.8162394
2017.06.08,10,7,4.3783994
2017.06.09,12,7,5.2540793
2017.06.10,10,7,4.3783994
2017.06.11,8,9,3.5127273
2017.06.12,16,9,7.0254545
2017.06.13,6,9,2.6345456
2017.06.14,26,9,11.416364
2017.06.15,20,9,8.7818184
2017.06.16,13,9,5.7081819
2017.06.17,11,9,4.8299999
2017.06.18,13,7,5.9195957
2017.06.19,7,7,3.1874747
2017.06.20,13,7,5.9195957
2017.06.21,12,7,5.4642425
2017.06.22,10,7,4.553535
2017.06.23,11,7,5.0088887
2017.06.24,9,7,4.0981817
2017.06.25,6,7,2.7321212
2017.06.26,14,7,6.3749495
2017.06.27,15,7,6.8303027
2017.06.28,15,7,6.8303027
2017.06.29,6,7,2.7321212
2017.06.30,12,7,5.4642425
2017.07.01,7,7,3.1874747
2017.07.02,29,5,2.8410611
2017.07.03,26,5,2.5471582
2017.07.04,40,5,3.918705
2017.07.05,41,5,4.0166726
2017.07.06,29,5,2.8410611
2017.07.07,47,5,4.6044784
2017.07.08,37,5,3.6248021
2017.07.09,47,8,5.2114325
2017.07.10,42,8,4.6570249
2017.07.11,55,8,6.098485
2017.07.12,58,8,6.4311299
2017.07.13,41,8,4.5461431
2017.07.14,58,8,6.4311299
2017.07.15,51,8,5.6549587
2017.07.16,39,6,3.818182
2017.07.17,42,6,4.1118879
2017.07.18,37,6,3.6223776
2017.07.19,52,6,5.090909
2017.07.20,47,6,4.6013985
2017.07.21,31,6,3.034965
2017.07.22,51,6,4.9930072
2017.07.23,40,6,4.4691191
2017.07.24,39,6,4.3573909
2017.07.25,41,6,4.5808468
2017.07.26,37,6,4.133935
2017.07.27,38,6,4.2456632
2017.07.28,35,6,3.9104791
2017.07.29,32,6,3.5752952
2017.07.30,29,6,3.0426848
2017.07.31,37,6,3.882046
2017.08.01,39,6,4.0918865
2017.08.02,53,6,5.5607686
2017.08.03,40,6,4.1968064
2017.08.04,38,6,3.9869664
2017.08.05,43,6,4.5115671
2017.08.06,59,8,6.523479
2017.08.07,35,8,3.8698604
2017.08.08,57,8,6.3023443
2017.08.09,46,8,5.0861025
2017.08.10,53,8,5.860074
2017.08.11,38,8,4.2015629
2017.08.12,65,8,7.1868834
2017.08.13,50,7,5.6170259
2017.08.14,64,7,7.1897936
2017.08.15,29,7,3.2578752
2017.08.16,59,7,6.6280904
2017.08.17,33,7,3.7072372
2017.08.18,42,7,4.7183018
2017.08.19,27,7,3.0331941
2017.08.20,31,7,3.350307
2017.08.21,47,7,5.0794973
2017.08.22,38,7,4.1068277
2017.08.23,51,7,5.511795
2017.08.24,47,7,5.0794973
2017.08.25,45,7,4.863349
2017.08.26,57,7,6.1602421
2017.08.27,38,8,4.3240571
2017.08.28,34,8,3.8688929
2017.08.29,42,8,4.7792211
2017.08.30,59,8,6.7136674
2017.08.31,46,8,5.2343845
2017.09.01,51,8,5.8033395
2017.09.02,73,8,8.3067408
2017.09.03,60,10,6.5929575
2017.09.04,88,10,9.6696701
2017.09.05,84,10,9.2301397
2017.09.06,57,10,6.2633095
2017.09.07,54,10,5.9336619
2017.09.08,49,10,5.3842487
2017.09.09,52,10,5.7138958
2017.09.10,54,8,5.7272725
2017.09.11,63,8,6.681818
2017.09.12,70,8,7.424242
2017.09.13,45,8,4.7727275
2017.09.14,55,8,5.8333335
2017.09.15,44,8,4.6666665
2017.09.16,37,8,3.9242423
2017.09.17,39,8,4.1029162
2017.09.18,46,8,4.8393373
2017.09.19,55,8,5.7861633
2017.09.20,73,8,7.6798177
2017.09.21,53,8,5.575758
2017.09.22,56,8,5.891367
2017.09.23,49,8,5.1549459
2017.09.24,51,11,5.6902285
2017.09.25,100,11,11.157311
2017.09.26,68,11,7.5869718
2017.09.27,57,11,6.3596673
2017.09.28,63,11,7.0291066
2017.09.29,74,11,8.2564106
2017.09.30,68,11,7.5869718
2017.10.01,58,9,6.0064325
2017.10.02,74,9,7.6633792
2017.10.03,65,9,6.7313466
2017.10.04,75,9,7.7669382
2017.10.05,42,9,4.3494854
2017.10.06,55,9,5.695755
2017.10.07,55,9,5.695755
2017.10.08,56,10,6.4134302
2017.10.09,47,10,5.3827004
2017.10.10,76,10,8.7039413
2017.10.11,58,10,6.6424813
2017.10.12,57,10,6.5279555
2017.10.13,61,10,6.9860578
2017.10.14,71,10,8.1313133
2017.10.15,43,9,4.463572
2017.10.16,73,9,7.577692
2017.10.17,60,9,6.2282395
2017.10.18,68,9,7.0586724
2017.10.19,59,9,6.1244364
2017.10.20,48,9,4.9825921
2017.10.21,72,9,7.4738879
2017.10.22,40,10,4.4759526
2017.10.23,67,10,7.49722
2017.10.24,83,10,9.2876015
2017.10.25,60,10,6.7139287
2017.10.26,63,10,7.0496254
2017.10.27,65,10,7.2734222
2017.10.28,58,10,6.4901309
2017.10.29,33,8,3.5877438
2017.10.30,60,8,6.5231705
2017.10.31,87,8,9.4585972
2017.11.01,59,8,6.4144511
2017.11.02,47,8,5.109817
2017.11.03,27,8,2.9354267
2017.11.04,46,8,5.0010977
2017.11.05,37,8,3.8509898
2017.11.06,47,8,4.891798
2017.11.07,73,8,7.597899
2017.11.08,73,8,7.597899
2017.11.09,52,8,5.4122019
2017.11.10,64,8,6.6611719
2017.11.11,29,8,3.0183434
2017.11.12,44,8,4.4838991
2017.11.13,45,8,4.5858059
2017.11.14,74,8,7.5411034
2017.11.15,75,8,7.6430101
2017.11.16,52,8,5.2991538
2017.11.17,65,8,6.6239424
2017.11.18,28,8,2.8533902
2017.11.19,41,7,4.2430673
2017.11.20,42,7,4.3465567
2017.11.21,58,7,6.002388
2017.11.22,54,7,5.5884299
2017.11.23,43,7,4.4500461
2017.11.24,58,7,6.002388
2017.11.25,34,7,3.5186415
2017.11.26,30,8,3.2167833
2017.11.27,56,8,6.0046625
2017.11.28,55,8,5.8974361
2017.11.29,59,8,6.3263407
2017.11.30,57,8,6.1118884
2017.12.01,51,8,5.4685321
2017.12.02,56,8,6.0046625
2017.12.03,25,8,2.8954232
2017.12.04,51,8,5.9066629
2017.12.05,44,8,5.0959449
2017.12.06,45,8,5.2117615
2017.12.07,70,8,8.1071844
2017.12.08,60,8,6.9490156
2017.12.09,42,8,4.8643107
2017.12.10,40,8,4.5516386
2017.12.11,46,8,5.2343845
2017.12.12,70,8,7.9653678
2017.12.13,39,8,4.4378481
2017.12.14,51,8,5.8033395
2017.12.15,38,8,4.3240571
2017.12.16,59,8,6.7136674
2017.12.17,38,8,4.1198654
2017.12.18,66,8,7.1555562
2017.12.19,49,8,5.312458
2017.12.20,63,8,6.8303032
2017.12.21,53,8,5.7461286
2017.12.22,53,8,5.7461286
2017.12.23,38,8,4.1198654
2017.12.24,32,7,3.3318551
2017.12.25,63,7,6.5595899
2017.12.26,44,7,4.5813007
2017.12.27,58,7,6.0389872
2017.12.28,44,7,4.5813007
2017.12.29,47,7,4.893662
2017.12.30,40,7,4.1648188
2017.12.31,6,8,5.204041
2018.01.01,3,8,2.6020205
2018.01.02,8,8,6.9387212
2018.01.03,5,8,4.3367004
2018.01.04,8,8,6.9387212
2018.01.05,9,8,7.8060613
2018.01.06,6,8,5.204041
2018.01.07,9,9,7.318182
2018.01.08,6,9,4.878788
2018.01.09,9,9,7.318182
2018.01.10,10,9,8.1313133
2018.01.11,8,9,6.5050507
2018.01.12,6,9,4.878788
2018.01.13,6,9,4.878788
2018.01.14,8,10,6.3984103
2018.01.15,9,10,7.1982117
2018.01.16,11,10,8.7978144
2018.01.17,7,10,5.598609
2018.01.18,11,10,8.7978144
2018.01.19,8,10,6.3984103
2018.01.20,7,10,5.598609
2018.01.21,9,10,7.1982117
2018.01.22,6,10,4.7988076
2018.01.23,7,10,5.598609
2018.01.24,11,10,8.7978144
2018.01.25,7,10,5.598609
2018.01.26,11,10,8.7978144
2018.01.27,10,10,7.998013
2018.01.28,9,11,7.000001
2018.01.29,8,11,6.2222228
2018.01.30,13,11,10.111113
2018.01.31,10,11,7.7777786
2018.02.01,10,11,7.7777786
2018.02.02,10,11,7.7777786
2018.02.03,9,11,7.000001
2018.02.04,10,15,7.7033501
2018.02.05,14,15,10.78469
2018.02.06,12,15,9.2440205
2018.02.07,15,15,11.555025
2018.02.08,11,15,8.4736853
2018.02.09,15,15,11.555025
2018.02.10,18,15,13.86603
2018.02.11,9,23,7.0623021
2018.02.12,21,23,16.478704
2018.02.13,27,23,21.186905
2018.02.14,22,23,17.263405
2018.02.15,21,23,16.478704
2018.02.16,21,23,16.478704
2018.02.17,22,23,17.263405
2018.02.18,20,27,15.497327
2018.02.19,21,27,16.272192
2018.02.20,30,27,23.245989
2018.02.21,28,27,21.696257
2018.02.22,27,27,20.921391
2018.02.23,20,27,15.497327
2018.02.24,24,27,18.596792
2018.02.25,34,64,26.808693
2018.02.26,43,64,33.905109
2018.02.27,46,64,36.270584
2018.02.28,53,64,41.790024
2018.03.01,70,64,55.19437
2018.03.02,84,64,66.233238
2018.03.03,66,64,52.040405
2018.03.04,74,72,57.764847
2018.03.05,62,72,48.397579
2018.03.06,74,72,57.764847
2018.03.07,82,72,64.009705
2018.03.08,53,72,41.372124
2018.03.09,47,72,36.688484
2018.03.10,58,72,45.275154
2018.03.11,67,93,53.520645
2018.03.12,92,93,73.491043
2018.03.13,95,93,75.887489
2018.03.14,90,93,71.89341
2018.03.15,100,93,79.881561
2018.03.16,61,93,48.727757
2018.03.17,63,93,50.325386
2018.03.18,54,45,41.892071
2018.03.19,53,45,41.116291
2018.03.20,32,45,24.82493
2018.03.21,32,45,24.82493
2018.03.22,33,45,25.60071
2018.03.23,39,45,30.255384
2018.03.24,40,45,31.031164
2018.03.25,45,61,35.242825
2018.03.26,52,61,40.725044
2018.03.27,52,61,40.725044
2018.03.28,48,61,37.592346
2018.03.29,59,61,46.20726
2018.03.30,61,61,47.773609
2018.03.31,63,61,49.339954
2018.04.01,46,47,37.271873
2018.04.02,46,47,37.271873
2018.04.03,39,47,31.600067
2018.04.04,46,47,37.271873
2018.04.05,43,47,34.841099
2018.04.06,34,47,27.548777
2018.04.07,29,47,23.497486
2018.04.08,23,25,17.868172
2018.04.09,27,25,20.975681
2018.04.10,29,25,22.529434
2018.04.11,23,25,17.868172
2018.04.12,20,25,15.537541
2018.04.13,16,25,12.430033
2018.04.14,19,25,14.760664
2018.04.15,15,18,12.427102
2018.04.16,19,18,15.740995
2018.04.17,16,18,13.255575
2018.04.18,13,18,10.770154
2018.04.19,12,18,9.9416809
2018.04.20,14,18,11.598629
2018.04.21,17,18,14.084048
2018.04.22,14,15,11.258742
2018.04.23,16,15,12.867133
2018.04.24,15,15,12.062937
2018.04.25,8,15,6.4335666
2018.04.26,13,15,10.454546
2018.04.27,14,15,11.258742
2018.04.28,11,15,8.8461542
2018.04.29,10,11,8.385417
2018.04.30,9,11,7.5468755
2018.05.01,13,11,10.901042
2018.05.02,8,11,6.7083335
2018.05.03,8,11,6.7083335
2018.05.04,7,11,5.869792
2018.05.05,9,11,7.5468755
2018.05.06,7,11,5.7794876
2018.05.07,10,11,8.2564096
2018.05.08,9,11,7.4307694
2018.05.09,10,11,8.2564096
2018.05.10,8,11,6.6051283
2018.05.11,11,11,9.0820513
2018.05.12,10,11,8.2564096
2018.05.13,8,10,6.3984103
2018.05.14,9,10,7.1982117
2018.05.15,12,10,9.5976152
2018.05.16,6,10,4.7988076
2018.05.17,11,10,8.7978144
2018.05.18,10,10,7.998013
2018.05.19,5,10,3.9990065
2018.05.20,7,11,5.9629631
2018.05.21,7,11,5.9629631
2018.05.22,11,11,9.3703709
2018.05.23,12,11,10.222222
2018.05.24,9,11,7.666667
2018.05.25,9,11,7.666667
2018.05.26,8,11,6.814815
2018.05.27,7,8,5.6919188
2018.05.28,8,8,6.5050507
2018.05.29,9,8,7.318182
2018.05.30,7,8,5.6919188
2018.05.31,6,8,4.878788
2018.06.01,8,8,6.5050507
2018.06.02,3,8,2.439394
2018.06.03,5,8,4.1521597
2018.06.04,6,8,4.9825921
2018.06.05,7,8,5.813024
2018.06.06,7,8,5.813024
2018.06.07,9,8,7.4738879
2018.06.08,5,8,4.1521597
2018.06.09,8,8,6.643456
2018.06.10,5,7,3.9711068
2018.06.11,6,7,4.7653279
2018.06.12,5,7,3.9711068
2018.06.13,6,7,4.7653279
2018.06.14,8,7,6.3537707
2018.06.15,7,7,5.5595493
2018.06.16,6,7,4.7653279
2018.06.17,7,7,5.5595493
2018.06.18,5,7,3.9711068
2018.06.19,7,7,5.5595493
2018.06.20,4,7,3.1768854
2018.06.21,6,7,4.7653279
2018.06.22,7,7,5.5595493
2018.06.23,7,7,5.5595493
2018.06.24,4,7,3.0356903
2018.06.25,9,7,6.8303032
2018.06.26,8,7,6.0713806
2018.06.27,8,7,6.0713806
2018.06.28,8,7,6.0713806
2018.06.29,2,7,1.5178452
2018.06.30,6,7,4.5535355
2018.07.01,53,7,5.1567817
2018.07.02,53,7,5.1567817
2018.07.03,52,7,5.059484
2018.07.04,61,7,5.935164
2018.07.05,43,7,4.183804
2018.07.06,41,7,3.9892085
2018.07.07,48,7,4.6702929
2018.07.08,53,7,4.7013774
2018.07.09,52,7,4.6126723
2018.07.10,53,7,4.7013774
2018.07.11,64,7,5.677135
2018.07.12,52,7,4.6126723
2018.07.13,60,7,5.3223143
2018.07.14,51,7,4.5239673
2018.07.15,42,7,3.7548788
2018.07.16,60,7,5.3641124
2018.07.17,49,7,4.380692
2018.07.18,71,7,6.3475327
2018.07.19,47,7,4.2018881
2018.07.20,64,7,5.7217197
2018.07.21,49,7,4.380692
2018.07.22,56,7,5.141089
2018.07.23,41,7,3.7640114
2018.07.24,46,7,4.2230372
2018.07.25,66,7,6.0591407
2018.07.26,38,7,3.488596
2018.07.27,61,7,5.6001143
2018.07.28,64,7,5.8755302
2018.07.29,57,7,5.4527631
2018.07.30,45,7,4.3048129
2018.07.31,55,7,5.2614384
2018.08.01,43,7,4.1134882
2018.08.02,45,7,4.3048129
2018.08.03,48,7,4.5918007
2018.08.04,64,7,6.1224008
2018.08.05,41,6,3.6815393
2018.08.06,54,6,4.8488569
2018.08.07,59,6,5.2978249
2018.08.08,31,6,2.783603
2018.08.09,56,6,5.0284438
2018.08.10,30,6,2.6938093
2018.08.11,55,6,4.9386501
2018.08.12,47,7,4.5600033
2018.08.13,60,7,5.8212814
2018.08.14,39,7,3.783833
2018.08.15,48,7,4.6570249
2018.08.16,54,7,5.2391529
2018.08.17,50,7,4.851068
2018.08.18,54,7,5.2391529
2018.08.19,69,7,6.4384007
2018.08.20,40,7,3.7324061
2018.08.21,75,7,6.9982615
2018.08.22,38,7,3.5457859
2018.08.23,46,7,4.2922673
2018.08.24,58,7,5.4119887
2018.08.25,40,7,3.7324061
2018.08.26,32,7,2.9616489
2018.08.27,51,7,4.7201281
2018.08.28,59,7,5.4605403
2018.08.29,75,7,6.9413652
2018.08.30,57,7,5.2754374
2018.08.31,46,7,4.2573705
2018.09.01,49,7,4.5350251
2018.09.02,48,8,4.2870812
2018.09.03,84,8,7.5023928
2018.09.04,45,8,4.0191388
2018.09.05,59,8,5.2695379
2018.09.06,67,8,5.9840512
2018.09.07,72,8,6.4306221
2018.09.08,62,8,5.5374804
2018.09.09,43,8,4.0636878
2018.09.10,65,8,6.1427841
2018.09.11,60,8,5.6702623
2018.09.12,79,8,7.4658451
2018.09.13,72,8,6.8043141
2018.09.14,44,8,4.1581922
2018.09.15,50,8,4.7252188
2018.09.16,50,8,4.3270845
2018.09.17,41,8,3.5482094
2018.09.18,71,8,6.1444597
2018.09.19,92,8,7.9618359
2018.09.20,59,8,5.1059599
2018.09.21,53,8,4.5867095
2018.09.22,85,8,7.3560438
2018.09.23,67,9,6.0783248
2018.09.24,62,9,5.6247182
2018.09.25,91,9,8.2556343
2018.09.26,66,9,5.9876027
2018.09.27,72,9,6.5319309
2018.09.28,51,9,4.6267843
2018.09.29,75,9,6.8040943
2018.09.30,56,9,5.1014714
2018.10.01,63,9,5.7391553
2018.10.02,72,9,6.5590348
2018.10.03,83,9,7.5611095
2018.10.04,68,9,6.194644
2018.10.05,65,9,5.9213514
2018.10.06,75,9,6.8323278
2018.10.07,55,8,5.0155768
2018.10.08,52,8,4.7419996
2018.10.09,65,8,5.9274998
2018.10.10,55,8,5.0155768
2018.10.11,82,8,7.4777684
2018.10.12,63,8,5.7451148
2018.10.13,56,8,5.1067686
2018.10.14,70,10,6.9413652
2018.10.15,68,10,6.7430406
2018.10.16,67,10,6.643878
2018.10.17,90,10,8.924612
2018.10.18,70,10,6.9413652
2018.10.19,62,10,6.1480665
2018.10.20,65,10,6.4455533
2018.10.21,59,10,5.6220407
2018.10.22,98,10,9.3383055
2018.10.23,70,10,6.670218
2018.10.24,67,10,6.3843517
2018.10.25,66,10,6.2890625
2018.10.26,52,10,4.955019
2018.10.27,100,10,9.528883
2018.10.28,61,11,5.7736621
2018.10.29,88,11,8.3292179
2018.10.30,80,11,7.5720162
2018.10.31,85,11,8.0452671
2018.11.01,95,11,8.9917688
2018.11.02,77,11,7.2880659
2018.11.03,81,11,7.666666
2018.11.04,81,10,7.8253822
2018.11.05,67,10,6.4728465
2018.11.06,76,10,7.3423338
2018.11.07,91,10,8.7914782
2018.11.08,74,10,7.1491146
2018.11.09,63,10,6.0864086
2018.11.10,53,10,5.1203117
2018.11.11,52,9,4.7767215
2018.11.12,75,9,6.889502
2018.11.13,51,9,4.6848612
2018.11.14,78,9,7.165082
2018.11.15,84,9,7.7162423
2018.11.16,79,9,7.2569423
2018.11.17,59,9,5.4197416
2018.11.18,38,7,3.5265152
2018.11.19,61,7,5.6609845
2018.11.20,46,7,4.2689395
2018.11.21,54,7,5.011364
2018.11.22,49,7,4.5473485
2018.11.23,56,7,5.1969695
2018.11.24,64,7,5.939394
2018.11.25,33,9,3.0764334
2018.11.26,68,9,6.3393173
2018.11.27,78,9,7.2715693
2018.11.28,73,9,6.8054438
2018.11.29,58,9,5.4070644
2018.11.30,74,9,6.8986688
2018.12.01,87,9,8.1105967
2018.12.02,49,7,4.5973196
2018.12.03,48,7,4.5034966
2018.12.04,50,7,4.6911426
2018.12.05,44,7,4.1282053
2018.12.06,70,7,6.5675998
2018.12.07,59,7,5.5355482
2018.12.08,44,7,4.1282053
2018.12.09,51,8,4.6836367
2018.12.10,76,8,6.979537
2018.12.11,62,8,5.6938324
2018.12.12,46,8,4.2244568
2018.12.13,66,8,6.0611773
2018.12.14,79,8,7.2550454
2018.12.15,45,8,4.1326203
2018.12.16,32,7,2.985925
2018.12.17,47,7,4.3855772
2018.12.18,46,7,4.2922673
2018.12.19,50,7,4.6655073
2018.12.20,72,7,6.7183309
2018.12.21,62,7,5.7852297
2018.12.22,57,7,5.3186789
2018.12.23,34,8,3.2525256
2018.12.24,73,8,6.9833636
2018.12.25,57,8,5.4527631
2018.12.26,73,8,6.9833636
2018.12.27,57,8,5.4527631
2018.12.28,59,8,5.6440883
2018.12.29,55,8,5.2614384
2018.12.30,6,8,6.5050511
2018.12.31,6,8,6.5050511
2019.01.01,5,8,5.4208755
2019.01.02,3,8,3.2525256
2019.01.03,6,8,6.5050511
2019.01.04,5,8,5.4208755
2019.01.05,5,8,5.4208755
2019.01.06,4,10,4.1521597
2019.01.07,7,10,7.2662797
2019.01.08,9,10,9.3423595
2019.01.09,5,10,5.1901999
2019.01.10,6,10,6.2282395
2019.01.11,9,10,9.3423595
2019.01.12,7,10,7.2662797
2019.01.13,6,11,6.3137259
2019.01.14,7,11,7.3660131
2019.01.15,8,11,8.4183006
2019.01.16,8,11,8.4183006
2019.01.17,7,11,7.3660131
2019.01.18,8,11,8.4183006
2019.01.19,7,11,7.3660131
2019.01.20,5,13,5.0336704
2019.01.21,7,13,7.0471382
2019.01.22,10,13,10.067341
2019.01.23,13,13,13.087542
2019.01.24,9,13,9.060606
2019.01.25,11,13,11.074074
2019.01.26,8,13,8.0538721
2019.01.27,7,13,6.8303032
2019.01.28,9,13,8.7818184
2019.01.29,9,13,8.7818184
2019.01.30,14,13,13.660606
2019.01.31,8,13,7.8060608
2019.02.01,9,13,8.7818184
2019.02.02,9,13,8.7818184
2019.02.03,14,20,14.229799
2019.02.04,18,20,18.295456
2019.02.05,15,20,15.246213
2019.02.06,12,20,12.19697
2019.02.07,16,20,16.262627
2019.02.08,15,20,15.246213
2019.02.09,6,20,6.098485
2019.02.10,11,26,10.570707
2019.02.11,13,26,12.492654
2019.02.12,22,26,21.141415
2019.02.13,22,26,21.141415
2019.02.14,22,26,21.141415
2019.02.15,20,26,19.219469
2019.02.16,22,26,21.141415
2019.02.17,21,63,21.302431
2019.02.18,33,63,33.475246
2019.02.19,31,63,31.446445
2019.02.20,47,63,47.676868
2019.02.21,51,63,51.734474
2019.02.22,54,63,54.777676
2019.02.23,66,63,66.950493
2019.02.24,58,99,58.000004
2019.02.25,73,99,73
2019.02.26,100,99,100
2019.02.27,74,99,74
2019.02.28,51,99,51
2019.03.01,55,99,55.000004
2019.03.02,72,99,72.000008
2019.03.03,58,100,58.464813
2019.03.04,53,100,53.424744
2019.03.05,72,100,72.577011
2019.03.06,71,100,71.569
2019.03.07,53,100,53.424744
2019.03.08,79,100,79.63311
2019.03.09,98,100,98.785378
2019.03.10,81,94,83.103111
2019.03.11,72,94,73.869431
2019.03.12,62,94,63.609791
2019.03.13,74,94,75.921364
2019.03.14,67,94,68.739609
2019.03.15,52,94,53.350147
2019.03.16,39,94,40.012608
2019.03.17,45,62,44.483067
2019.03.18,44,62,43.494553
2019.03.19,42,62,41.517529
2019.03.20,41,62,40.529015
2019.03.21,42,62,41.517529
2019.03.22,53,62,52.391171
2019.03.23,39,62,38.551991
2019.03.24,36,44,36.281693
2019.03.25,34,44,34.266041
2019.03.26,28,44,28.219093
2019.03.27,33,44,33.258217
2019.03.28,33,44,33.258217
2019.03.29,28,44,28.219093
2019.03.30,21,44,21.16432
2019.03.31,22,27,21.626867
2019.04.01,17,27,16.71167
2019.04.02,14,27,13.762551
2019.04.03,15,27,14.745591
2019.04.04,19,27,18.67775
2019.04.05,20,27,19.660789
2019.04.06,27,27,26.542065
2019.04.07,22,25,23.53801
2019.04.08,22,25,23.53801
2019.04.09,18,25,19.258371
2019.04.10,13,25,13.908824
2019.04.11,14,25,14.978734
2019.04.12,13,25,13.908824
2019.04.13,12,25,12.838915
2019.04.14,11,18,11.5
2019.04.15,11,18,11.5
2019.04.16,15,18,15.681819
2019.04.17,13,18,13.59091
2019.04.18,11,18,11.5
2019.04.19,11,18,11.5
2019.04.20,12,18,12.545455
2019.04.21,10,15,10.164143
2019.04.22,9,15,9.147728
2019.04.23,12,15,12.19697
2019.04.24,11,15,11.180557
2019.04.25,7,15,7.1148996
2019.04.26,13,15,13.213385
2019.04.27,10,15,10.164143
2019.04.28,11,13,10.570707
2019.04.29,9,13,8.6487608
2019.04.30,11,13,10.570707
2019.05.01,8,13,7.6877871
2019.05.02,9,13,8.6487608
2019.05.03,10,13,9.6097345
2019.05.04,8,13,7.6877871
2019.05.05,8,14,8.1555862
2019.05.06,6,14,6.1166902
2019.05.07,15,14,15.291725
2019.05.08,6,14,6.1166902
2019.05.09,12,14,12.23338
2019.05.10,10,14,10.194483
2019.05.11,10,14,10.194483
2019.05.12,8,11,7.9506173
2019.05.13,10,11,9.9382715
2019.05.14,8,11,7.9506173
2019.05.15,8,11,7.9506173
2019.05.16,7,11,6.95679
2019.05.17,7,11,6.95679
2019.05.18,6,11,5.9629631
2019.05.19,7,12,7.1897926
2019.05.20,8,12,8.2169056
2019.05.21,11,12,11.298245
2019.05.22,8,12,8.2169056
2019.05.23,7,12,7.1897926
2019.05.24,7,12,7.1897926
2019.05.25,9,12,9.2440195
2019.05.26,7,12,7.1897926
2019.05.27,8,12,8.2169056
2019.05.28,11,12,11.298245
2019.05.29,9,12,9.2440195
2019.05.30,7,12,7.1897926
2019.05.31,7,12,7.1897926
2019.06.01,8,12,8.2169056
2019.06.02,6,9,5.9876041
2019.06.03,6,9,5.9876041
2019.06.04,7,9,6.985538
2019.06.05,7,9,6.985538
2019.06.06,8,9,7.9834719
2019.06.07,5,9,4.9896698
2019.06.08,5,9,4.9896698
2019.06.09,4,8,4.003108
2019.06.10,7,8,7.0054383
2019.06.11,6,8,6.004662
2019.06.12,6,8,6.004662
2019.06.13,5,8,5.0038848
2019.06.14,5,8,5.0038848
2019.06.15,6,8,6.004662
2019.06.16,5,8,5.4208755
2019.06.17,6,8,6.5050511
2019.06.18,6,8,6.5050511
2019.06.19,6,8,6.5050511
2019.06.20,4,8,4.3367004
2019.06.21,5,8,5.4208755
2019.06.22,4,8,4.3367004
2019.06.23,4,9,3.9917359
2019.06.24,7,9,6.985538
2019.06.25,7,9,6.985538
2019.06.26,7,9,6.985538
2019.06.27,6,9,5.9876041
2019.06.28,6,9,5.9876041
2019.06.29,7,9,6.985538
2019.06.30,4,8,4.003108
2019.07.01,6,8,6.004662
2019.07.02,5,8,5.0038848
2019.07.03,6,8,6.004662
2019.07.04,6,8,6.004662
2019.07.05,7,8,7.0054383
2019.07.06,5,8,5.0038848
2019.07.07,49,7,5.5046854
2019.07.08,53,7,5.9540477
2019.07.09,37,7,4.156599
2019.07.10,50,7,5.6170259
2019.07.11,29,7,3.2578752
2019.07.12,50,7,5.6170259
2019.07.13,36,7,4.0442586
2019.07.14,35,7,3.9711068
2019.07.15,48,7,5.4460888
2019.07.16,45,7,5.1057086
2019.07.17,40,7,4.5384078
2019.07.18,38,7,4.3114872
2019.07.19,52,7,5.89993
2019.07.20,43,7,4.878788
2019.07.21,42,9,4.5761337
2019.07.22,59,9,6.4283781
2019.07.23,64,9,6.973156
2019.07.24,67,9,7.3000231
2019.07.25,57,9,6.2104673
2019.07.26,49,9,5.3388228
2019.07.27,65,9,7.0821114
2019.07.28,35,7,3.6442165
2019.07.29,67,7,6.9760714
2019.07.30,37,7,3.8524573
2019.07.31,65,7,6.7678304
2019.08.01,39,7,4.0606985
2019.08.02,44,7,4.5813007
2019.08.03,41,7,4.268939
2019.08.04,35,8,4.0178251
2019.08.05,45,8,5.1657753
2019.08.06,45,8,5.1657753
2019.08.07,56,8,6.4285202
2019.08.08,61,8,7.0024953
2019.08.09,48,8,5.5101604
2019.08.10,50,8,5.7397499
2019.08.11,73,8,8.0034046
2019.08.12,60,8,6.5781407
2019.08.13,40,8,4.385427
2019.08.14,25,8,2.7408919
2019.08.15,59,8,6.4685049
2019.08.16,57,8,6.2492337
2019.08.17,42,8,4.6046987
2019.08.18,35,9,4.0442586
2019.08.19,53,9,6.1241632
2019.08.20,64,9,7.3952155
2019.08.21,55,9,6.3552632
2019.08.22,38,9,4.3909092
2019.08.23,78,9,9.0129185
2019.08.24,57,9,6.5863638
2019.08.25,44,9,4.7821784
2019.08.26,70,9,7.6080108
2019.08.27,66,9,7.1732674
2019.08.28,63,9,6.8472095
2019.08.29,52,9,5.6516652
2019.08.30,68,9,7.3906388
2019.08.31,41,9,4.4561205
2019.09.01,42,10,4.7988076
2019.09.02,74,10,8.4550428
2019.09.03,57,10,6.5126677
2019.09.04,76,10,8.6835566
2019.09.05,49,10,5.598609
2019.09.06,74,10,8.4550428
2019.09.07,55,10,6.2841535
2019.09.08,54,9,6.1908379
2019.09.09,50,9,5.7322578
2019.09.10,55,9,6.3054829
2019.09.11,47,9,5.3883219
2019.09.12,72,9,8.2544508
2019.09.13,51,9,5.8469028
2019.09.14,54,9,6.1908379
2019.09.15,52,10,5.886241
2019.09.16,45,10,5.0938621
2019.09.17,67,10,7.5841947
2019.09.18,64,10,7.2446036
2019.09.19,73,10,8.2633762
2019.09.20,75,10,8.4897699
2019.09.21,55,10,6.2258315
2019.09.22,50,10,5.445076
2019.09.23,55,10,5.9895835
2019.09.24,79,10,8.60322
2019.09.25,63,10,6.8607955
2019.09.26,77,10,8.385417
2019.09.27,70,10,7.6231065
2019.09.28,54,10,5.880682
2019.09.29,44,10,4.7076025
2019.09.30,79,10,8.4522858
2019.10.01,72,10,7.7033496
2019.10.02,73,10,7.8103399
2019.10.03,60,10,6.4194579
2019.10.04,58,10,6.2054758
2019.10.05,70,10,7.4893675
2019.10.06,59,9,6.3966336
2019.10.07,82,9,8.8902359
2019.10.08,68,9,7.3723907
2019.10.09,52,9,5.6377106
2019.10.10,57,9,6.1797981
2019.10.11,64,9,6.9387212
2019.10.12,23,9,2.4936028
2019.10.13,43,10,4.9595246
2019.10.14,57,10,6.5742531
2019.10.15,50,10,5.7668891
2019.10.16,70,10,8.0736446
2019.10.17,58,10,6.6895914
2019.10.18,66,10,7.6122932
2019.10.19,79,10,9.1116848
2019.10.20,41,10,4.5461431
2019.10.21,48,10,5.3223143
2019.10.22,62,10,6.8746557
2019.10.23,76,10,8.4269972
2019.10.24,80,10,8.8705235
2019.10.25,68,10,7.5399451
2019.10.26,65,10,7.2073007
2019.10.27,44,12,4.9922481
2019.10.28,78,12,8.8498945
2019.10.29,76,12,8.6229744
2019.10.30,63,12,7.1479921
2019.10.31,86,12,9.757576
2019.11.01,100,12,11.346019
2019.11.02,69,12,7.828753
2019.11.03,58,11,6.5118556
2019.11.04,57,11,6.3995819
2019.11.05,84,11,9.4309635
2019.11.06,76,11,8.5327759
2019.11.07,55,11,6.175035
2019.11.08,83,11,9.3186893
2019.11.09,65,11,7.2977691
2019.11.10,67,12,7.8138356
2019.11.11,64,12,7.4639621
2019.11.12,83,12,9.6798258
2019.11.13,85,12,9.9130745
2019.11.14,69,12,8.0470848
2019.11.15,84,12,9.7964497
2019.11.16,50,12,5.8312201
2019.11.17,64,10,6.7878785
2019.11.18,85,10,9.015151
2019.11.19,55,10,5.8333335
2019.11.20,77,10,8.166667
2019.11.21,68,10,7.2121215
2019.11.22,72,10,7.6363635
2019.11.23,39,10,4.1363635
2019.11.24,47,11,5.137135
2019.11.25,85,11,9.2905626
2019.11.26,66,11,7.2138491
2019.11.27,76,11,8.3068571
2019.11.28,62,11,6.7766461
2019.11.29,83,11,9.0719614
2019.11.30,72,11,7.8696537
2019.12.01,64,11,7.1854954
2019.12.02,61,11,6.8486753
2019.12.03,57,11,6.3995819
2019.12.04,57,11,6.3995819
2019.12.05,97,11,10.890517
2019.12.06,75,11,8.4205027
2019.12.07,67,11,7.522316
2019.12.08,69,9,7.1794491
2019.12.09,69,9,7.1794491
2019.12.10,77,9,8.0118494
2019.12.11,46,9,4.7862992
2019.12.12,49,9,5.0984492
2019.12.13,65,9,6.7632489
2019.12.14,47,9,4.8903494
2019.12.15,69,9,7.2481518
2019.12.16,75,9,7.8784261
2019.12.17,45,9,4.7270555
2019.12.18,70,9,7.3531976
2019.12.19,65,9,6.8279691
2019.12.20,55,9,5.7775121
2019.12.21,39,9,4.0967817
2019.12.22,56,10,6.5518494
2019.12.23,65,10,7.6048255
2019.12.24,52,10,6.0838609
2019.12.25,55,10,6.4348521
2019.12.26,74,10,8.6578016
2019.12.27,33,10,3.8609114
2019.12.28,82,10,9.5937796
2019.12.29,43,8,4.8366084
2019.12.30,62,8,6.9737144
2019.12.31,57,8,6.4113183
2020.01.01,44,8,4.9490876
2020.01.02,53,8,5.961401
2020.01.03,37,8,4.1617327
2020.01.04,51,8,5.7364426
