date,raw_daily,calc_weekly,raw_weekly,weight,weighted_daily,normalized_weighted_daily
2018-12-30,1,1.7142857142857142,2.0,1.1666666666666667,1.1666666666666667,0.6766666666666669
2018-12-31,1,1.7142857142857142,2.0,1.1666666666666667,1.1666666666666667,0.6766666666666669
2019-01-01,2,1.7142857142857142,2.0,1.1666666666666667,2.3333333333333335,1.3533333333333337
2019-01-02,3,1.7142857142857142,2.0,1.1666666666666667,3.5,2.0300000000000002
2019-01-03,1,1.7142857142857142,2.0,1.1666666666666667,1.1666666666666667,0.6766666666666669
2019-01-04,2,1.7142857142857142,2.0,1.1666666666666667,2.3333333333333335,1.3533333333333337
2019-01-05,2,1.7142857142857142,2.0,1.1666666666666667,2.3333333333333335,1.3533333333333337
2019-01-06,2,3.4285714285714284,5.0,1.4583333333333335,2.916666666666667,1.691666666666667
2019-01-07,3,3.4285714285714284,5.0,1.4583333333333335,4.375,2.5375
2019-01-08,4,3.4285714285714284,5.0,1.4583333333333335,5.833333333333334,3.383333333333334
2019-01-09,4,3.4285714285714284,5.0,1.4583333333333335,5.833333333333334,3.383333333333334
2019-01-10,4,3.4285714285714284,5.0,1.4583333333333335,5.833333333333334,3.383333333333334
2019-01-11,3,3.4285714285714284,5.0,1.4583333333333335,4.375,2.5375
2019-01-12,4,3.4285714285714284,5.0,1.4583333333333335,5.833333333333334,3.383333333333334
2019-01-13,3,4.857142857142857,7.0,1.4411764705882355,4.3235294117647065,2.50764705882353
2019-01-14,5,4.857142857142857,7.0,1.4411764705882355,7.2058823529411775,4.1794117647058835
2019-01-15,4,4.857142857142857,7.0,1.4411764705882355,5.764705882352942,3.343529411764707
2019-01-16,5,4.857142857142857,7.0,1.4411764705882355,7.2058823529411775,4.1794117647058835
2019-01-17,7,4.857142857142857,7.0,1.4411764705882355,10.088235294117649,5.8511764705882365
2019-01-18,5,4.857142857142857,7.0,1.4411764705882355,7.2058823529411775,4.1794117647058835
2019-01-19,5,4.857142857142857,7.0,1.4411764705882355,7.2058823529411775,4.1794117647058835
2019-01-20,5,5.571428571428571,8.0,1.435897435897436,7.17948717948718,4.164102564102564
2019-01-21,6,5.571428571428571,8.0,1.435897435897436,8.615384615384615,4.9969230769230775
2019-01-22,6,5.571428571428571,8.0,1.435897435897436,8.615384615384615,4.9969230769230775
2019-01-23,7,5.571428571428571,8.0,1.435897435897436,10.051282051282051,5.8297435897435905
2019-01-24,7,5.571428571428571,8.0,1.435897435897436,10.051282051282051,5.8297435897435905
2019-01-25,5,5.571428571428571,8.0,1.435897435897436,7.17948717948718,4.164102564102564
2019-01-26,3,5.571428571428571,8.0,1.435897435897436,4.3076923076923075,2.4984615384615387
2019-01-27,4,7.142857142857143,9.0,1.26,5.04,2.9232000000000005
2019-01-28,7,7.142857142857143,9.0,1.26,8.82,5.115600000000001
2019-01-29,10,7.142857142857143,9.0,1.26,12.6,7.308000000000001
2019-01-30,8,7.142857142857143,9.0,1.26,10.08,5.846400000000001
2019-01-31,6,7.142857142857143,9.0,1.26,7.5600000000000005,4.3848
2019-02-01,7,7.142857142857143,9.0,1.26,8.82,5.115600000000001
2019-02-02,8,7.142857142857143,9.0,1.26,10.08,5.846400000000001
2019-02-03,12,11.714285714285714,16.0,1.3658536585365855,16.390243902439025,9.506341463414635
2019-02-04,17,11.714285714285714,16.0,1.3658536585365855,23.219512195121954,13.467317073170735
2019-02-05,12,11.714285714285714,16.0,1.3658536585365855,16.390243902439025,9.506341463414635
2019-02-06,11,11.714285714285714,16.0,1.3658536585365855,15.02439024390244,8.714146341463417
2019-02-07,13,11.714285714285714,16.0,1.3658536585365855,17.75609756097561,10.298536585365856
2019-02-08,11,11.714285714285714,16.0,1.3658536585365855,15.02439024390244,8.714146341463417
2019-02-09,6,11.714285714285714,16.0,1.3658536585365855,8.195121951219512,4.753170731707318
2019-02-10,10,13.857142857142858,19.0,1.3711340206185567,13.711340206185568,7.952577319587631
2019-02-11,10,13.857142857142858,19.0,1.3711340206185567,13.711340206185568,7.952577319587631
2019-02-12,16,13.857142857142858,19.0,1.3711340206185567,21.938144329896907,12.724123711340207
2019-02-13,14,13.857142857142858,19.0,1.3711340206185567,19.195876288659793,11.133608247422682
2019-02-14,16,13.857142857142858,19.0,1.3711340206185567,21.938144329896907,12.724123711340207
2019-02-15,15,13.857142857142858,19.0,1.3711340206185567,20.567010309278352,11.928865979381445
2019-02-16,16,13.857142857142858,19.0,1.3711340206185567,21.938144329896907,12.724123711340207
2019-02-17,18,38.42857142857143,55.0,1.4312267657992563,25.762081784386613,14.942007434944237
2019-02-18,25,38.42857142857143,55.0,1.4312267657992563,35.78066914498141,20.75278810408922
2019-02-19,28,38.42857142857143,55.0,1.4312267657992563,40.07434944237918,23.243122676579926
2019-02-20,40,38.42857142857143,55.0,1.4312267657992563,57.249070631970255,33.204460966542754
2019-02-21,56,38.42857142857143,55.0,1.4312267657992563,80.14869888475836,46.48624535315985
2019-02-22,46,38.42857142857143,55.0,1.4312267657992563,65.8364312267658,38.18513011152417
2019-02-23,56,38.42857142857143,55.0,1.4312267657992563,80.14869888475836,46.48624535315985
2019-02-24,51,62.0,85.0,1.3709677419354838,69.91935483870967,40.55322580645161
2019-02-25,65,62.0,85.0,1.3709677419354838,89.11290322580645,51.685483870967744
2019-02-26,92,62.0,85.0,1.3709677419354838,126.12903225806451,73.15483870967742
2019-02-27,71,62.0,85.0,1.3709677419354838,97.33870967741935,56.45645161290322
2019-02-28,46,62.0,85.0,1.3709677419354838,63.064516129032256,36.57741935483871
2019-03-01,44,62.0,85.0,1.3709677419354838,60.32258064516129,34.987096774193546
2019-03-02,65,62.0,85.0,1.3709677419354838,89.11290322580645,51.685483870967744
2019-03-03,53,70.85714285714286,97.0,1.3689516129032258,72.55443548387096,42.08157258064516
2019-03-04,45,70.85714285714286,97.0,1.3689516129032258,61.60282258064516,35.7296370967742
2019-03-05,75,70.85714285714286,97.0,1.3689516129032258,102.67137096774194,59.54939516129033
2019-03-06,71,70.85714285714286,97.0,1.3689516129032258,97.19556451612902,56.37342741935484
2019-03-07,57,70.85714285714286,97.0,1.3689516129032258,78.03024193548387,45.25754032258065
2019-03-08,95,70.85714285714286,97.0,1.3689516129032258,130.05040322580643,75.42923387096774
2019-03-09,100,70.85714285714286,97.0,1.3689516129032258,136.89516129032256,79.39919354838709
2019-03-10,77,65.57142857142857,92.0,1.4030501089324618,108.03485838779956,62.66021786492375
2019-03-11,77,65.57142857142857,92.0,1.4030501089324618,108.03485838779956,62.66021786492375
2019-03-12,73,65.57142857142857,92.0,1.4030501089324618,102.42265795206971,59.40514161220044
2019-03-13,77,65.57142857142857,92.0,1.4030501089324618,108.03485838779956,62.66021786492375
2019-03-14,65,65.57142857142857,92.0,1.4030501089324618,91.19825708061002,52.89498910675382
2019-03-15,51,65.57142857142857,92.0,1.4030501089324618,71.55555555555556,41.50222222222223
2019-03-16,39,65.57142857142857,92.0,1.4030501089324618,54.71895424836601,31.736993464052286
2019-03-17,40,40.0,56.0,1.4,56.0,32.480000000000004
2019-03-18,43,40.0,56.0,1.4,60.199999999999996,34.916000000000004
2019-03-19,38,40.0,56.0,1.4,53.199999999999996,30.856
2019-03-20,39,40.0,56.0,1.4,54.599999999999994,31.668000000000003
2019-03-21,40,40.0,56.0,1.4,56.0,32.480000000000004
2019-03-22,46,40.0,56.0,1.4,64.39999999999999,37.352000000000004
2019-03-23,34,40.0,56.0,1.4,47.599999999999994,27.608
2019-03-24,40,35.142857142857146,48.0,1.3658536585365852,54.634146341463406,31.68780487804878
2019-03-25,47,35.142857142857146,48.0,1.3658536585365852,64.1951219512195,37.23317073170732
2019-03-26,42,35.142857142857146,48.0,1.3658536585365852,57.36585365853658,33.27219512195122
2019-03-27,37,35.142857142857146,48.0,1.3658536585365852,50.536585365853654,29.311219512195123
2019-03-28,33,35.142857142857146,48.0,1.3658536585365852,45.073170731707314,26.142439024390246
2019-03-29,25,35.142857142857146,48.0,1.3658536585365852,34.14634146341463,19.804878048780488
2019-03-30,22,35.142857142857146,48.0,1.3658536585365852,30.048780487804876,17.42829268292683
2019-03-31,22,22.428571428571427,31.0,1.3821656050955415,30.407643312101914,17.636433121019113
2019-04-01,16,22.428571428571427,31.0,1.3821656050955415,22.114649681528665,12.826496815286628
2019-04-02,18,22.428571428571427,31.0,1.3821656050955415,24.87898089171975,14.429808917197457
2019-04-03,21,22.428571428571427,31.0,1.3821656050955415,29.025477707006374,16.8347770700637
2019-04-04,27,22.428571428571427,31.0,1.3821656050955415,37.31847133757962,21.644713375796183
2019-04-05,25,22.428571428571427,31.0,1.3821656050955415,34.554140127388536,20.041401273885352
2019-04-06,28,22.428571428571427,31.0,1.3821656050955415,38.70063694267516,22.446369426751595
2019-04-07,29,20.428571428571427,30.0,1.4685314685314685,42.58741258741259,24.700699300699302
2019-04-08,25,20.428571428571427,30.0,1.4685314685314685,36.71328671328671,21.293706293706297
2019-04-09,20,20.428571428571427,30.0,1.4685314685314685,29.37062937062937,17.034965034965037
2019-04-10,19,20.428571428571427,30.0,1.4685314685314685,27.902097902097903,16.183216783216785
2019-04-11,17,20.428571428571427,30.0,1.4685314685314685,24.965034965034967,14.479720279720281
2019-04-12,15,20.428571428571427,30.0,1.4685314685314685,22.027972027972027,12.776223776223777
2019-04-13,18,20.428571428571427,30.0,1.4685314685314685,26.433566433566433,15.331468531468534
2019-04-14,20,19.285714285714285,27.0,1.4000000000000001,28.000000000000004,16.240000000000006
2019-04-15,19,19.285714285714285,27.0,1.4000000000000001,26.6,15.428000000000003
2019-04-16,24,19.285714285714285,27.0,1.4000000000000001,33.6,19.488000000000003
2019-04-17,20,19.285714285714285,27.0,1.4000000000000001,28.000000000000004,16.240000000000006
2019-04-18,20,19.285714285714285,27.0,1.4000000000000001,28.000000000000004,16.240000000000006
2019-04-19,17,19.285714285714285,27.0,1.4000000000000001,23.8,13.804000000000002
2019-04-20,15,19.285714285714285,27.0,1.4000000000000001,21.000000000000004,12.180000000000003
2019-04-21,16,12.857142857142858,18.0,1.4,22.4,12.992
2019-04-22,19,12.857142857142858,18.0,1.4,26.599999999999998,15.428
2019-04-23,18,12.857142857142858,18.0,1.4,25.2,14.616000000000001
2019-04-24,12,12.857142857142858,18.0,1.4,16.799999999999997,9.744
2019-04-25,10,12.857142857142858,18.0,1.4,14.0,8.120000000000001
2019-04-26,7,12.857142857142858,18.0,1.4,9.799999999999999,5.684
2019-04-27,8,12.857142857142858,18.0,1.4,11.2,6.496
2019-04-28,9,8.857142857142858,13.0,1.4677419354838708,13.209677419354836,7.661612903225806
2019-04-29,10,8.857142857142858,13.0,1.4677419354838708,14.677419354838708,8.512903225806452
2019-04-30,6,8.857142857142858,13.0,1.4677419354838708,8.806451612903224,5.107741935483871
2019-05-01,7,8.857142857142858,13.0,1.4677419354838708,10.274193548387096,5.959032258064516
2019-05-02,8,8.857142857142858,13.0,1.4677419354838708,11.741935483870966,6.8103225806451615
2019-05-03,10,8.857142857142858,13.0,1.4677419354838708,14.677419354838708,8.512903225806452
2019-05-04,12,8.857142857142858,13.0,1.4677419354838708,17.61290322580645,10.215483870967741
2019-05-05,12,10.714285714285714,14.0,1.3066666666666669,15.680000000000003,9.094400000000002
2019-05-06,10,10.714285714285714,14.0,1.3066666666666669,13.066666666666668,7.578666666666669
2019-05-07,10,10.714285714285714,14.0,1.3066666666666669,13.066666666666668,7.578666666666669
2019-05-08,12,10.714285714285714,14.0,1.3066666666666669,15.680000000000003,9.094400000000002
2019-05-09,11,10.714285714285714,14.0,1.3066666666666669,14.373333333333335,8.336533333333335
2019-05-10,11,10.714285714285714,14.0,1.3066666666666669,14.373333333333335,8.336533333333335
2019-05-11,9,10.714285714285714,14.0,1.3066666666666669,11.760000000000002,6.820800000000002
2019-05-12,11,8.285714285714286,11.0,1.3275862068965516,14.603448275862068,8.469999999999999
2019-05-13,9,8.285714285714286,11.0,1.3275862068965516,11.948275862068964,6.93
2019-05-14,7,8.285714285714286,11.0,1.3275862068965516,9.293103448275861,5.390000000000001
2019-05-15,7,8.285714285714286,11.0,1.3275862068965516,9.293103448275861,5.390000000000001
2019-05-16,9,8.285714285714286,11.0,1.3275862068965516,11.948275862068964,6.93
2019-05-17,8,8.285714285714286,11.0,1.3275862068965516,10.620689655172413,6.16
2019-05-18,7,8.285714285714286,11.0,1.3275862068965516,9.293103448275861,5.390000000000001
2019-05-19,7,7.0,10.0,1.4285714285714286,10.0,5.800000000000001
2019-05-20,6,7.0,10.0,1.4285714285714286,8.571428571428571,4.9714285714285715
2019-05-21,6,7.0,10.0,1.4285714285714286,8.571428571428571,4.9714285714285715
2019-05-22,7,7.0,10.0,1.4285714285714286,10.0,5.800000000000001
2019-05-23,7,7.0,10.0,1.4285714285714286,10.0,5.800000000000001
2019-05-24,7,7.0,10.0,1.4285714285714286,10.0,5.800000000000001
2019-05-25,9,7.0,10.0,1.4285714285714286,12.857142857142858,7.457142857142858
2019-05-26,7,4.714285714285714,7.0,1.4848484848484849,10.393939393939394,6.028484848484849
2019-05-27,8,4.714285714285714,7.0,1.4848484848484849,11.878787878787879,6.8896969696969705
2019-05-28,5,4.714285714285714,7.0,1.4848484848484849,7.424242424242424,4.306060606060607
2019-05-29,4,4.714285714285714,7.0,1.4848484848484849,5.9393939393939394,3.4448484848484853
2019-05-30,3,4.714285714285714,7.0,1.4848484848484849,4.454545454545455,2.5836363636363644
2019-05-31,3,4.714285714285714,7.0,1.4848484848484849,4.454545454545455,2.5836363636363644
2019-06-01,3,4.714285714285714,7.0,1.4848484848484849,4.454545454545455,2.5836363636363644
2019-06-02,3,3.2857142857142856,4.0,1.2173913043478262,3.6521739130434785,2.118260869565218
2019-06-03,5,3.2857142857142856,4.0,1.2173913043478262,6.086956521739131,3.530434782608696
2019-06-04,4,3.2857142857142856,4.0,1.2173913043478262,4.869565217391305,2.824347826086957
2019-06-05,3,3.2857142857142856,4.0,1.2173913043478262,3.6521739130434785,2.118260869565218
2019-06-06,4,3.2857142857142856,4.0,1.2173913043478262,4.869565217391305,2.824347826086957
2019-06-07,2,3.2857142857142856,4.0,1.2173913043478262,2.4347826086956523,1.4121739130434785
2019-06-08,2,3.2857142857142856,4.0,1.2173913043478262,2.4347826086956523,1.4121739130434785
2019-06-09,3,2.4285714285714284,3.0,1.2352941176470589,3.7058823529411766,2.149411764705883
2019-06-10,2,2.4285714285714284,3.0,1.2352941176470589,2.4705882352941178,1.4329411764705884
2019-06-11,2,2.4285714285714284,3.0,1.2352941176470589,2.4705882352941178,1.4329411764705884
2019-06-12,3,2.4285714285714284,3.0,1.2352941176470589,3.7058823529411766,2.149411764705883
2019-06-13,3,2.4285714285714284,3.0,1.2352941176470589,3.7058823529411766,2.149411764705883
2019-06-14,2,2.4285714285714284,3.0,1.2352941176470589,2.4705882352941178,1.4329411764705884
2019-06-15,2,2.4285714285714284,3.0,1.2352941176470589,2.4705882352941178,1.4329411764705884
2019-06-16,3,2.142857142857143,3.0,1.4000000000000001,4.2,2.4360000000000004
2019-06-17,2,2.142857142857143,3.0,1.4000000000000001,2.8000000000000003,1.6240000000000006
2019-06-18,3,2.142857142857143,3.0,1.4000000000000001,4.2,2.4360000000000004
2019-06-19,3,2.142857142857143,3.0,1.4000000000000001,4.2,2.4360000000000004
2019-06-20,1,2.142857142857143,3.0,1.4000000000000001,1.4000000000000001,0.8120000000000003
2019-06-21,2,2.142857142857143,3.0,1.4000000000000001,2.8000000000000003,1.6240000000000006
2019-06-22,1,2.142857142857143,3.0,1.4000000000000001,1.4000000000000001,0.8120000000000003
2019-06-23,2,1.7142857142857142,2.0,1.1666666666666667,2.3333333333333335,1.3533333333333337
2019-06-24,2,1.7142857142857142,2.0,1.1666666666666667,2.3333333333333335,1.3533333333333337
2019-06-25,2,1.7142857142857142,2.0,1.1666666666666667,2.3333333333333335,1.3533333333333337
2019-06-26,2,1.7142857142857142,2.0,1.1666666666666667,2.3333333333333335,1.3533333333333337
2019-06-27,1,1.7142857142857142,2.0,1.1666666666666667,1.1666666666666667,0.6766666666666669
2019-06-28,2,1.7142857142857142,2.0,1.1666666666666667,2.3333333333333335,1.3533333333333337
2019-06-29,1,1.7142857142857142,2.0,1.1666666666666667,1.1666666666666667,0.6766666666666669
2019-06-30,1,1.0,2.0,2.0,2.0,1.1600000000000001
2019-07-01,1,1.0,2.0,2.0,2.0,1.1600000000000001
2019-07-02,1,1.0,2.0,2.0,2.0,1.1600000000000001
2019-07-03,1,1.0,2.0,2.0,2.0,1.1600000000000001
2019-07-04,1,1.0,2.0,2.0,2.0,1.1600000000000001
2019-07-05,1,1.0,2.0,2.0,2.0,1.1600000000000001
2019-07-06,1,1.0,2.0,2.0,2.0,1.1600000000000001
2019-07-07,36,32.0,2.0,0.0625,2.25,1.3050000000000002
2019-07-08,40,32.0,2.0,0.0625,2.5,1.4500000000000002
2019-07-09,31,32.0,2.0,0.0625,1.9375,1.12375
2019-07-10,36,32.0,2.0,0.0625,2.25,1.3050000000000002
2019-07-11,31,32.0,2.0,0.0625,1.9375,1.12375
2019-07-12,27,32.0,2.0,0.0625,1.6875,0.9787500000000001
2019-07-13,23,32.0,2.0,0.0625,1.4375,0.8337500000000001
2019-07-14,25,26.714285714285715,2.0,0.0748663101604278,1.8716577540106951,1.0855614973262033
2019-07-15,24,26.714285714285715,2.0,0.0748663101604278,1.7967914438502672,1.0421390374331552
2019-07-16,34,26.714285714285715,2.0,0.0748663101604278,2.5454545454545454,1.4763636363636365
2019-07-17,32,26.714285714285715,2.0,0.0748663101604278,2.3957219251336896,1.3895187165775402
2019-07-18,23,26.714285714285715,2.0,0.0748663101604278,1.7219251336898393,0.9987165775401069
2019-07-19,33,26.714285714285715,2.0,0.0748663101604278,2.4705882352941173,1.4329411764705882
2019-07-20,16,26.714285714285715,2.0,0.0748663101604278,1.1978609625668448,0.6947593582887701
2019-07-21,27,25.857142857142858,2.0,0.07734806629834254,2.0883977900552484,1.2112707182320441
2019-07-22,20,25.857142857142858,2.0,0.07734806629834254,1.5469613259668509,0.8972375690607736
2019-07-23,25,25.857142857142858,2.0,0.07734806629834254,1.9337016574585635,1.121546961325967
2019-07-24,38,25.857142857142858,2.0,0.07734806629834254,2.9392265193370166,1.7047513812154698
2019-07-25,23,25.857142857142858,2.0,0.07734806629834254,1.7790055248618784,1.0318232044198896
2019-07-26,25,25.857142857142858,2.0,0.07734806629834254,1.9337016574585635,1.121546961325967
2019-07-27,23,25.857142857142858,2.0,0.07734806629834254,1.7790055248618784,1.0318232044198896
2019-07-28,24,28.857142857142858,2.0,0.0693069306930693,1.663366336633663,0.9647524752475246
2019-07-29,33,28.857142857142858,2.0,0.0693069306930693,2.287128712871287,1.3265346534653466
2019-07-30,17,28.857142857142858,2.0,0.0693069306930693,1.1782178217821782,0.6833663366336634
2019-07-31,34,28.857142857142858,2.0,0.0693069306930693,2.3564356435643563,1.3667326732673268
2019-08-01,19,28.857142857142858,2.0,0.0693069306930693,1.3168316831683167,0.7637623762376238
2019-08-02,46,28.857142857142858,2.0,0.0693069306930693,3.188118811881188,1.8491089108910892
2019-08-03,29,28.857142857142858,2.0,0.0693069306930693,2.0099009900990095,1.1657425742574257
2019-08-04,38,27.714285714285715,2.0,0.07216494845360824,2.742268041237113,1.5905154639175256
2019-08-05,18,27.714285714285715,2.0,0.07216494845360824,1.2989690721649483,0.7534020618556702
2019-08-06,14,27.714285714285715,2.0,0.07216494845360824,1.0103092783505154,0.585979381443299
2019-08-07,29,27.714285714285715,2.0,0.07216494845360824,2.092783505154639,1.2138144329896907
2019-08-08,27,27.714285714285715,2.0,0.07216494845360824,1.9484536082474224,1.1301030927835052
2019-08-09,30,27.714285714285715,2.0,0.07216494845360824,2.1649484536082473,1.2556701030927835
2019-08-10,38,27.714285714285715,2.0,0.07216494845360824,2.742268041237113,1.5905154639175256
2019-08-11,26,27.0,2.0,0.07407407407407407,1.9259259259259258,1.117037037037037
2019-08-12,21,27.0,2.0,0.07407407407407407,1.5555555555555554,0.9022222222222221
2019-08-13,35,27.0,2.0,0.07407407407407407,2.5925925925925926,1.5037037037037038
2019-08-14,31,27.0,2.0,0.07407407407407407,2.2962962962962963,1.3318518518518518
2019-08-15,23,27.0,2.0,0.07407407407407407,1.7037037037037037,0.9881481481481482
2019-08-16,27,27.0,2.0,0.07407407407407407,2.0,1.1600000000000001
2019-08-17,26,27.0,2.0,0.07407407407407407,1.9259259259259258,1.117037037037037
2019-08-18,19,43.714285714285715,2.0,0.0457516339869281,0.8692810457516339,0.5041830065359477
2019-08-19,41,43.714285714285715,2.0,0.0457516339869281,1.875816993464052,1.0879738562091503
2019-08-20,25,43.714285714285715,2.0,0.0457516339869281,1.1437908496732025,0.6633986928104576
2019-08-21,25,43.714285714285715,2.0,0.0457516339869281,1.1437908496732025,0.6633986928104576
2019-08-22,34,43.714285714285715,2.0,0.0457516339869281,1.5555555555555554,0.9022222222222221
2019-08-23,96,43.714285714285715,2.0,0.0457516339869281,4.3921568627450975,2.547450980392157
2019-08-24,66,43.714285714285715,2.0,0.0457516339869281,3.019607843137255,1.751372549019608
2019-08-25,46,51.857142857142854,3.0,0.05785123966942149,2.6611570247933884,1.5434710743801654
2019-08-26,65,51.857142857142854,3.0,0.05785123966942149,3.760330578512397,2.1809917355371904
2019-08-27,66,51.857142857142854,3.0,0.05785123966942149,3.8181818181818183,2.214545454545455
2019-08-28,41,51.857142857142854,3.0,0.05785123966942149,2.371900826446281,1.375702479338843
2019-08-29,64,51.857142857142854,3.0,0.05785123966942149,3.7024793388429753,2.147438016528926
2019-08-30,44,51.857142857142854,3.0,0.05785123966942149,2.5454545454545454,1.4763636363636365
2019-08-31,37,51.857142857142854,3.0,0.05785123966942149,2.1404958677685952,1.2414876033057853
2019-09-01,53,55.42857142857143,3.0,0.05412371134020618,2.8685567010309274,1.663762886597938
2019-09-02,65,55.42857142857143,3.0,0.05412371134020618,3.5180412371134016,2.040463917525773
2019-09-03,57,55.42857142857143,3.0,0.05412371134020618,3.0850515463917523,1.7893298969072164
2019-09-04,66,55.42857142857143,3.0,0.05412371134020618,3.572164948453608,2.0718556701030932
2019-09-05,59,55.42857142857143,3.0,0.05412371134020618,3.1932989690721647,1.8521134020618557
2019-09-06,39,55.42857142857143,3.0,0.05412371134020618,2.110824742268041,1.224278350515464
2019-09-07,49,55.42857142857143,3.0,0.05412371134020618,2.652061855670103,1.5381958762886598
2019-09-08,36,54.0,4.0,0.07407407407407407,2.6666666666666665,1.5466666666666666
2019-09-09,55,54.0,4.0,0.07407407407407407,4.0740740740740735,2.3629629629629627
2019-09-10,61,54.0,4.0,0.07407407407407407,4.518518518518518,2.620740740740741
2019-09-11,50,54.0,4.0,0.07407407407407407,3.7037037037037033,2.148148148148148
2019-09-12,57,54.0,4.0,0.07407407407407407,4.222222222222222,2.4488888888888893
2019-09-13,52,54.0,4.0,0.07407407407407407,3.8518518518518516,2.234074074074074
2019-09-14,67,54.0,4.0,0.07407407407407407,4.962962962962963,2.878518518518519
2019-09-15,60,73.57142857142857,4.0,0.05436893203883495,3.262135922330097,1.8920388349514563
2019-09-16,67,73.57142857142857,4.0,0.05436893203883495,3.6427184466019416,2.1127766990291263
2019-09-17,87,73.57142857142857,4.0,0.05436893203883495,4.730097087378641,2.743456310679612
2019-09-18,71,73.57142857142857,4.0,0.05436893203883495,3.8601941747572814,2.2389126213592236
2019-09-19,100,73.57142857142857,4.0,0.05436893203883495,5.436893203883495,3.1533980582524275
2019-09-20,75,73.57142857142857,4.0,0.05436893203883495,4.077669902912621,2.365048543689321
2019-09-21,55,73.57142857142857,4.0,0.05436893203883495,2.9902912621359223,1.734368932038835
2019-09-22,66,73.42857142857143,4.0,0.054474708171206226,3.595330739299611,2.0852918287937743
2019-09-23,75,73.42857142857143,4.0,0.054474708171206226,4.085603112840467,2.369649805447471
2019-09-24,68,73.42857142857143,4.0,0.054474708171206226,3.7042801556420235,2.148482490272374
2019-09-25,79,73.42857142857143,4.0,0.054474708171206226,4.303501945525292,2.4960311284046695
2019-09-26,89,73.42857142857143,4.0,0.054474708171206226,4.848249027237354,2.8119844357976653
2019-09-27,61,73.42857142857143,4.0,0.054474708171206226,3.32295719844358,1.9273151750972766
2019-09-28,76,73.42857142857143,4.0,0.054474708171206226,4.1400778210116735,2.401245136186771
2019-09-29,45,57.857142857142854,4.0,0.06913580246913581,3.1111111111111116,1.804444444444445
2019-09-30,61,57.857142857142854,4.0,0.06913580246913581,4.217283950617285,2.4460246913580255
2019-10-01,76,57.857142857142854,4.0,0.06913580246913581,5.254320987654322,3.047506172839507
2019-10-02,49,57.857142857142854,4.0,0.06913580246913581,3.3876543209876546,1.9648395061728399
2019-10-03,54,57.857142857142854,4.0,0.06913580246913581,3.733333333333334,2.165333333333334
2019-10-04,55,57.857142857142854,4.0,0.06913580246913581,3.8024691358024696,2.2054320987654323
2019-10-05,65,57.857142857142854,4.0,0.06913580246913581,4.493827160493828,2.6064197530864206
2019-10-06,70,62.0,4.0,0.06451612903225806,4.516129032258064,2.6193548387096777
2019-10-07,71,62.0,4.0,0.06451612903225806,4.580645161290322,2.656774193548387
2019-10-08,70,62.0,4.0,0.06451612903225806,4.516129032258064,2.6193548387096777
2019-10-09,76,62.0,4.0,0.06451612903225806,4.903225806451613,2.843870967741936
2019-10-10,63,62.0,4.0,0.06451612903225806,4.064516129032258,2.35741935483871
2019-10-11,60,62.0,4.0,0.06451612903225806,3.870967741935484,2.245161290322581
2019-10-12,24,62.0,4.0,0.06451612903225806,1.5483870967741935,0.8980645161290324
2019-10-13,40,57.857142857142854,4.0,0.06913580246913581,2.7654320987654324,1.6039506172839508
2019-10-14,44,57.857142857142854,4.0,0.06913580246913581,3.041975308641976,1.7643456790123462
2019-10-15,57,57.857142857142854,4.0,0.06913580246913581,3.940740740740741,2.2856296296296303
2019-10-16,100,57.857142857142854,4.0,0.06913580246913581,6.913580246913581,4.009876543209877
2019-10-17,68,57.857142857142854,4.0,0.06913580246913581,4.701234567901235,2.7267160493827167
2019-10-18,53,57.857142857142854,4.0,0.06913580246913581,3.664197530864198,2.125234567901235
2019-10-19,43,57.857142857142854,4.0,0.06913580246913581,2.9728395061728397,1.7242469135802474
2019-10-20,50,56.0,4.0,0.07142857142857142,3.571428571428571,2.0714285714285716
2019-10-21,55,56.0,4.0,0.07142857142857142,3.9285714285714284,2.278571428571429
2019-10-22,45,56.0,4.0,0.07142857142857142,3.214285714285714,1.864285714285714
2019-10-23,74,56.0,4.0,0.07142857142857142,5.285714285714286,3.065714285714286
2019-10-24,58,56.0,4.0,0.07142857142857142,4.142857142857142,2.4028571428571426
2019-10-25,43,56.0,4.0,0.07142857142857142,3.071428571428571,1.7814285714285716
2019-10-26,67,56.0,4.0,0.07142857142857142,4.785714285714286,2.775714285714286
2019-10-27,75,62.142857142857146,5.0,0.08045977011494253,6.0344827586206895,3.5000000000000004
2019-10-28,72,62.142857142857146,5.0,0.08045977011494253,5.793103448275862,3.3600000000000003
2019-10-29,46,62.142857142857146,5.0,0.08045977011494253,3.7011494252873565,2.146666666666667
2019-10-30,47,62.142857142857146,5.0,0.08045977011494253,3.781609195402299,2.193333333333334
2019-10-31,61,62.142857142857146,5.0,0.08045977011494253,4.908045977011494,2.846666666666667
2019-11-01,75,62.142857142857146,5.0,0.08045977011494253,6.0344827586206895,3.5000000000000004
2019-11-02,59,62.142857142857146,5.0,0.08045977011494253,4.747126436781609,2.7533333333333334
2019-11-03,95,83.85714285714286,6.0,0.07155025553662692,6.797274275979557,3.9424190800681433
2019-11-04,96,83.85714285714286,6.0,0.07155025553662692,6.868824531516184,3.9839182282793875
2019-11-05,83,83.85714285714286,6.0,0.07155025553662692,5.9386712095400345,3.44442930153322
2019-11-06,83,83.85714285714286,6.0,0.07155025553662692,5.9386712095400345,3.44442930153322
2019-11-07,91,83.85714285714286,6.0,0.07155025553662692,6.511073253833049,3.7764224872231686
2019-11-08,72,83.85714285714286,6.0,0.07155025553662692,5.151618398637138,2.9879386712095406
2019-11-09,67,83.85714285714286,6.0,0.07155025553662692,4.793867120954004,2.7804429301533222
2019-11-10,54,54.142857142857146,4.0,0.07387862796833773,3.9894459102902373,2.3138786279683377
2019-11-11,67,54.142857142857146,4.0,0.07387862796833773,4.949868073878628,2.8709234828496046
2019-11-12,67,54.142857142857146,4.0,0.07387862796833773,4.949868073878628,2.8709234828496046
2019-11-13,61,54.142857142857146,4.0,0.07387862796833773,4.506596306068602,2.6138258575197892
2019-11-14,34,54.142857142857146,4.0,0.07387862796833773,2.5118733509234827,1.4568865435356202
2019-11-15,42,54.142857142857146,4.0,0.07387862796833773,3.102902374670185,1.7996833773087073
2019-11-16,54,54.142857142857146,4.0,0.07387862796833773,3.9894459102902373,2.3138786279683377
2019-11-17,71,54.0,3.0,0.05555555555555555,3.944444444444444,2.287777777777778
2019-11-18,65,54.0,3.0,0.05555555555555555,3.6111111111111107,2.0944444444444446
2019-11-19,64,54.0,3.0,0.05555555555555555,3.5555555555555554,2.062222222222222
2019-11-20,47,54.0,3.0,0.05555555555555555,2.611111111111111,1.5144444444444447
2019-11-21,55,54.0,3.0,0.05555555555555555,3.0555555555555554,1.7722222222222221
2019-11-22,36,54.0,3.0,0.05555555555555555,2.0,1.1600000000000001
2019-11-23,40,54.0,3.0,0.05555555555555555,2.2222222222222223,1.288888888888889
2019-11-24,33,40.714285714285715,3.0,0.07368421052631578,2.4315789473684206,1.4103157894736842
2019-11-25,29,40.714285714285715,3.0,0.07368421052631578,2.136842105263158,1.2393684210526317
2019-11-26,51,40.714285714285715,3.0,0.07368421052631578,3.757894736842105,2.1795789473684213
2019-11-27,41,40.714285714285715,3.0,0.07368421052631578,3.021052631578947,1.7522105263157894
2019-11-28,50,40.714285714285715,3.0,0.07368421052631578,3.684210526315789,2.136842105263158
2019-11-29,33,40.714285714285715,3.0,0.07368421052631578,2.4315789473684206,1.4103157894736842
2019-11-30,48,40.714285714285715,3.0,0.07368421052631578,3.5368421052631573,2.0513684210526315
2019-12-01,37,44.285714285714285,3.0,0.06774193548387097,2.506451612903226,1.4537419354838714
2019-12-02,56,44.285714285714285,3.0,0.06774193548387097,3.7935483870967746,2.200258064516129
2019-12-03,53,44.285714285714285,3.0,0.06774193548387097,3.5903225806451617,2.082387096774194
2019-12-04,53,44.285714285714285,3.0,0.06774193548387097,3.5903225806451617,2.082387096774194
2019-12-05,42,44.285714285714285,3.0,0.06774193548387097,2.845161290322581,1.6501935483870973
2019-12-06,40,44.285714285714285,3.0,0.06774193548387097,2.709677419354839,1.5716129032258066
2019-12-07,29,44.285714285714285,3.0,0.06774193548387097,1.9645161290322584,1.13941935483871
2019-12-08,44,39.57142857142857,3.0,0.07581227436823106,3.3357400722021664,1.9347292418772568
2019-12-09,37,39.57142857142857,3.0,0.07581227436823106,2.805054151624549,1.6269314079422386
2019-12-10,42,39.57142857142857,3.0,0.07581227436823106,3.1841155234657044,1.8467870036101088
2019-12-11,45,39.57142857142857,3.0,0.07581227436823106,3.4115523465703976,1.978700361010831
2019-12-12,50,39.57142857142857,3.0,0.07581227436823106,3.790613718411553,2.198555956678701
2019-12-13,27,39.57142857142857,3.0,0.07581227436823106,2.0469314079422385,1.1872202166064985
2019-12-14,32,39.57142857142857,3.0,0.07581227436823106,2.425992779783394,1.4070758122743685
2019-12-15,25,37.285714285714285,3.0,0.08045977011494253,2.0114942528735633,1.166666666666667
2019-12-16,61,37.285714285714285,3.0,0.08045977011494253,4.908045977011494,2.846666666666667
2019-12-17,33,37.285714285714285,3.0,0.08045977011494253,2.655172413793103,1.54
2019-12-18,29,37.285714285714285,3.0,0.08045977011494253,2.3333333333333335,1.3533333333333337
2019-12-19,45,37.285714285714285,3.0,0.08045977011494253,3.6206896551724137,2.1
2019-12-20,32,37.285714285714285,3.0,0.08045977011494253,2.574712643678161,1.4933333333333334
2019-12-21,36,37.285714285714285,3.0,0.08045977011494253,2.896551724137931,1.6800000000000002
2019-12-22,20,30.285714285714285,2.0,0.0660377358490566,1.320754716981132,0.7660377358490567
2019-12-23,27,30.285714285714285,2.0,0.0660377358490566,1.7830188679245282,1.0341509433962264
2019-12-24,36,30.285714285714285,2.0,0.0660377358490566,2.3773584905660377,1.378867924528302
2019-12-25,32,30.285714285714285,2.0,0.0660377358490566,2.1132075471698113,1.2256603773584906
2019-12-26,29,30.285714285714285,2.0,0.0660377358490566,1.9150943396226414,1.1107547169811323
2019-12-27,45,30.285714285714285,2.0,0.0660377358490566,2.9716981132075473,1.7235849056603776
2019-12-28,23,30.285714285714285,2.0,0.0660377358490566,1.5188679245283019,0.8809433962264153
2019-12-29,26,37.714285714285715,2.0,0.05303030303030303,1.378787878787879,0.7996969696969699
2019-12-30,40,37.714285714285715,2.0,0.05303030303030303,2.121212121212121,1.2303030303030305
2019-12-31,35,37.714285714285715,2.0,0.05303030303030303,1.8560606060606062,1.0765151515151516
2020-01-01,29,37.714285714285715,2.0,0.05303030303030303,1.5378787878787878,0.891969696969697
2020-01-02,29,37.714285714285715,2.0,0.05303030303030303,1.5378787878787878,0.891969696969697
2020-01-03,48,37.714285714285715,2.0,0.05303030303030303,2.5454545454545454,1.4763636363636365
2020-01-04,57,37.714285714285715,2.0,0.05303030303030303,3.022727272727273,1.7531818181818186
2020-01-05,4,5.571428571428571,5.0,0.8974358974358975,3.58974358974359,2.082051282051282
2020-01-06,6,5.571428571428571,5.0,0.8974358974358975,5.384615384615385,3.1230769230769235
2020-01-07,5,5.571428571428571,5.0,0.8974358974358975,4.487179487179487,2.602564102564103
2020-01-08,4,5.571428571428571,5.0,0.8974358974358975,3.58974358974359,2.082051282051282
2020-01-09,8,5.571428571428571,5.0,0.8974358974358975,7.17948717948718,4.164102564102564
2020-01-10,7,5.571428571428571,5.0,0.8974358974358975,6.282051282051282,3.643589743589744
2020-01-11,5,5.571428571428571,5.0,0.8974358974358975,4.487179487179487,2.602564102564103
2020-01-12,5,7.0,6.0,0.8571428571428571,4.285714285714286,2.4857142857142858
2020-01-13,6,7.0,6.0,0.8571428571428571,5.142857142857142,2.982857142857143
2020-01-14,6,7.0,6.0,0.8571428571428571,5.142857142857142,2.982857142857143
2020-01-15,9,7.0,6.0,0.8571428571428571,7.7142857142857135,4.474285714285715
2020-01-16,10,7.0,6.0,0.8571428571428571,8.571428571428571,4.9714285714285715
2020-01-17,7,7.0,6.0,0.8571428571428571,6.0,3.4800000000000004
2020-01-18,6,7.0,6.0,0.8571428571428571,5.142857142857142,2.982857142857143
2020-01-19,5,8.142857142857142,7.0,0.8596491228070176,4.298245614035087,2.492982456140351
2020-01-20,9,8.142857142857142,7.0,0.8596491228070176,7.7368421052631575,4.487368421052632
2020-01-21,12,8.142857142857142,7.0,0.8596491228070176,10.31578947368421,5.983157894736843
2020-01-22,8,8.142857142857142,7.0,0.8596491228070176,6.87719298245614,3.9887719298245616
2020-01-23,8,8.142857142857142,7.0,0.8596491228070176,6.87719298245614,3.9887719298245616
2020-01-24,8,8.142857142857142,7.0,0.8596491228070176,6.87719298245614,3.9887719298245616
2020-01-25,7,8.142857142857142,7.0,0.8596491228070176,6.017543859649123,3.490175438596492
2020-01-26,8,14.285714285714286,11.0,0.7699999999999999,6.159999999999999,3.5728000000000004
2020-01-27,12,14.285714285714286,11.0,0.7699999999999999,9.239999999999998,5.3591999999999995
2020-01-28,12,14.285714285714286,11.0,0.7699999999999999,9.239999999999998,5.3591999999999995
2020-01-29,16,14.285714285714286,11.0,0.7699999999999999,12.319999999999999,7.145600000000001
2020-01-30,18,14.285714285714286,11.0,0.7699999999999999,13.859999999999998,8.0388
2020-01-31,18,14.285714285714286,11.0,0.7699999999999999,13.859999999999998,8.0388
2020-02-01,16,14.285714285714286,11.0,0.7699999999999999,12.319999999999999,7.145600000000001
2020-02-02,19,25.0,20.0,0.8,15.200000000000001,8.816000000000003
2020-02-03,36,25.0,20.0,0.8,28.8,16.704
2020-02-04,25,25.0,20.0,0.8,20.0,11.600000000000001
2020-02-05,26,25.0,20.0,0.8,20.8,12.064000000000002
2020-02-06,24,25.0,20.0,0.8,19.200000000000003,11.136000000000003
2020-02-07,22,25.0,20.0,0.8,17.6,10.208000000000002
2020-02-08,23,25.0,20.0,0.8,18.400000000000002,10.672000000000002
2020-02-09,19,33.142857142857146,27.0,0.814655172413793,15.478448275862068,8.977500000000001
2020-02-10,24,33.142857142857146,27.0,0.814655172413793,19.551724137931032,11.34
2020-02-11,24,33.142857142857146,27.0,0.814655172413793,19.551724137931032,11.34
2020-02-12,33,33.142857142857146,27.0,0.814655172413793,26.88362068965517,15.592500000000001
2020-02-13,40,33.142857142857146,27.0,0.814655172413793,32.58620689655172,18.9
2020-02-14,41,33.142857142857146,27.0,0.814655172413793,33.400862068965516,19.372500000000002
2020-02-15,51,33.142857142857146,27.0,0.814655172413793,41.547413793103445,24.0975
2020-02-16,38,65.71428571428571,53.0,0.8065217391304349,30.647826086956528,17.775739130434786
2020-02-17,62,65.71428571428571,53.0,0.8065217391304349,50.00434782608696,29.002521739130444
2020-02-18,80,65.71428571428571,53.0,0.8065217391304349,64.5217391304348,37.42260869565219
2020-02-19,71,65.71428571428571,53.0,0.8065217391304349,57.263043478260876,33.21256521739131
2020-02-20,76,65.71428571428571,53.0,0.8065217391304349,61.295652173913055,35.55147826086957
2020-02-21,61,65.71428571428571,53.0,0.8065217391304349,49.19782608695653,28.534739130434794
2020-02-22,72,65.71428571428571,53.0,0.8065217391304349,58.069565217391315,33.680347826086965
2020-02-23,96,75.85714285714286,62.0,0.8173258003766478,78.46327683615819,45.508700564971754
2020-02-24,100,75.85714285714286,62.0,0.8173258003766478,81.73258003766477,47.40489642184558
2020-02-25,87,75.85714285714286,62.0,0.8173258003766478,71.10734463276836,41.24225988700566
2020-02-26,67,75.85714285714286,62.0,0.8173258003766478,54.760828625235405,31.76128060263654
2020-02-27,73,75.85714285714286,62.0,0.8173258003766478,59.66478342749529,34.60557438794727
2020-02-28,57,75.85714285714286,62.0,0.8173258003766478,46.58757062146893,27.02079096045198
2020-02-29,51,75.85714285714286,62.0,0.8173258003766478,41.68361581920904,24.176497175141247
2020-03-01,62,60.714285714285715,49.0,0.8070588235294117,50.037647058823524,29.021835294117647
2020-03-02,63,60.714285714285715,49.0,0.8070588235294117,50.84470588235294,29.48992941176471
2020-03-03,68,60.714285714285715,49.0,0.8070588235294117,54.879999999999995,31.830400000000004
2020-03-04,57,60.714285714285715,49.0,0.8070588235294117,46.00235294117647,26.681364705882356
2020-03-05,66,60.714285714285715,49.0,0.8070588235294117,53.265882352941176,30.894211764705886
2020-03-06,61,60.714285714285715,49.0,0.8070588235294117,49.230588235294114,28.553741176470588
2020-03-07,48,60.714285714285715,49.0,0.8070588235294117,38.73882352941176,22.468517647058825
2020-03-08,49,43.285714285714285,36.0,0.8316831683168318,40.75247524752476,23.63643564356436
2020-03-09,48,43.285714285714285,36.0,0.8316831683168318,39.92079207920793,23.1540594059406
2020-03-10,38,43.285714285714285,36.0,0.8316831683168318,31.603960396039607,18.330297029702976
2020-03-11,46,43.285714285714285,36.0,0.8316831683168318,38.25742574257426,22.189306930693075
2020-03-12,53,43.285714285714285,36.0,0.8316831683168318,44.079207920792086,25.565940594059413
2020-03-13,41,43.285714285714285,36.0,0.8316831683168318,34.099009900990104,19.777425742574263
2020-03-14,28,43.285714285714285,36.0,0.8316831683168318,23.28712871287129,13.50653465346535
2020-03-15,32,33.0,29.0,0.8787878787878788,28.12121212121212,16.310303030303032
2020-03-16,30,33.0,29.0,0.8787878787878788,26.363636363636363,15.290909090909091
2020-03-17,31,33.0,29.0,0.8787878787878788,27.242424242424242,15.800606060606063
2020-03-18,40,33.0,29.0,0.8787878787878788,35.15151515151515,20.387878787878787
2020-03-19,33,33.0,29.0,0.8787878787878788,29.0,16.82
2020-03-20,30,33.0,29.0,0.8787878787878788,26.363636363636363,15.290909090909091
2020-03-21,35,33.0,29.0,0.8787878787878788,30.757575757575758,17.83939393939394
2020-03-22,34,30.714285714285715,24.0,0.7813953488372093,26.567441860465117,15.40911627906977
2020-03-23,31,30.714285714285715,24.0,0.7813953488372093,24.22325581395349,14.049488372093025
2020-03-24,36,30.714285714285715,24.0,0.7813953488372093,28.130232558139536,16.315534883720932
2020-03-25,31,30.714285714285715,24.0,0.7813953488372093,24.22325581395349,14.049488372093025
2020-03-26,31,30.714285714285715,24.0,0.7813953488372093,24.22325581395349,14.049488372093025
2020-03-27,27,30.714285714285715,24.0,0.7813953488372093,21.09767441860465,12.236651162790698
2020-03-28,25,30.714285714285715,24.0,0.7813953488372093,19.53488372093023,11.330232558139535
2020-03-29,16,23.857142857142858,19.0,0.7964071856287425,12.74251497005988,7.39065868263473
2020-03-30,23,23.857142857142858,19.0,0.7964071856287425,18.317365269461078,10.624071856287426
2020-03-31,22,23.857142857142858,19.0,0.7964071856287425,17.520958083832333,10.162155688622756
2020-04-01,20,23.857142857142858,19.0,0.7964071856287425,15.92814371257485,9.238323353293413
2020-04-02,28,23.857142857142858,19.0,0.7964071856287425,22.299401197604787,12.933652694610778
2020-04-03,28,23.857142857142858,19.0,0.7964071856287425,22.299401197604787,12.933652694610778
2020-04-04,30,23.857142857142858,19.0,0.7964071856287425,23.892215568862273,13.85748502994012
2020-04-05,29,25.285714285714285,22.0,0.8700564971751413,25.231638418079097,14.634350282485878
2020-04-06,27,25.285714285714285,22.0,0.8700564971751413,23.491525423728817,13.625084745762713
2020-04-07,26,25.285714285714285,22.0,0.8700564971751413,22.621468926553675,13.120451977401132
2020-04-08,28,25.285714285714285,22.0,0.8700564971751413,24.36158192090396,14.129717514124298
2020-04-09,23,25.285714285714285,22.0,0.8700564971751413,20.01129943502825,11.606553672316386
2020-04-10,24,25.285714285714285,22.0,0.8700564971751413,20.88135593220339,12.111186440677969
2020-04-11,20,25.285714285714285,22.0,0.8700564971751413,17.401129943502827,10.092655367231641
2020-04-12,18,18.428571428571427,15.0,0.8139534883720931,14.651162790697676,8.497674418604653
2020-04-13,16,18.428571428571427,15.0,0.8139534883720931,13.02325581395349,7.5534883720930255
2020-04-14,20,18.428571428571427,15.0,0.8139534883720931,16.27906976744186,9.441860465116282
2020-04-15,22,18.428571428571427,15.0,0.8139534883720931,17.90697674418605,10.38604651162791
2020-04-16,23,18.428571428571427,15.0,0.8139534883720931,18.720930232558143,10.858139534883723
2020-04-17,16,18.428571428571427,15.0,0.8139534883720931,13.02325581395349,7.5534883720930255
2020-04-18,14,18.428571428571427,15.0,0.8139534883720931,11.395348837209305,6.609302325581398
2020-04-19,18,15.285714285714286,13.0,0.8504672897196262,15.30841121495327,8.878878504672898
2020-04-20,16,15.285714285714286,13.0,0.8504672897196262,13.607476635514018,7.892336448598132
2020-04-21,15,15.285714285714286,13.0,0.8504672897196262,12.757009345794392,7.399065420560748
2020-04-22,14,15.285714285714286,13.0,0.8504672897196262,11.906542056074766,6.905794392523365
2020-04-23,14,15.285714285714286,13.0,0.8504672897196262,11.906542056074766,6.905794392523365
2020-04-24,16,15.285714285714286,13.0,0.8504672897196262,13.607476635514018,7.892336448598132
2020-04-25,14,15.285714285714286,13.0,0.8504672897196262,11.906542056074766,6.905794392523365
2020-04-26,24,15.428571428571429,13.0,0.8425925925925926,20.22222222222222,11.728888888888891
2020-04-27,14,15.428571428571429,13.0,0.8425925925925926,11.796296296296296,6.841851851851851
2020-04-28,15,15.428571428571429,13.0,0.8425925925925926,12.63888888888889,7.330555555555557
2020-04-29,16,15.428571428571429,13.0,0.8425925925925926,13.481481481481481,7.819259259259261
2020-04-30,13,15.428571428571429,13.0,0.8425925925925926,10.953703703703702,6.353148148148148
2020-05-01,13,15.428571428571429,13.0,0.8425925925925926,10.953703703703702,6.353148148148148
2020-05-02,13,15.428571428571429,13.0,0.8425925925925926,10.953703703703702,6.353148148148148
2020-05-03,11,11.714285714285714,10.0,0.853658536585366,9.390243902439025,5.446341463414635
2020-05-04,12,11.714285714285714,10.0,0.853658536585366,10.243902439024392,5.941463414634148
2020-05-05,10,11.714285714285714,10.0,0.853658536585366,8.536585365853659,4.951219512195123
2020-05-06,9,11.714285714285714,10.0,0.853658536585366,7.682926829268293,4.456097560975611
2020-05-07,14,11.714285714285714,10.0,0.853658536585366,11.951219512195124,6.9317073170731724
2020-05-08,15,11.714285714285714,10.0,0.853658536585366,12.80487804878049,7.4268292682926855
2020-05-09,11,11.714285714285714,10.0,0.853658536585366,9.390243902439025,5.446341463414635
2020-05-10,11,12.714285714285714,10.0,0.7865168539325843,8.651685393258427,5.017977528089888
2020-05-11,12,12.714285714285714,10.0,0.7865168539325843,9.438202247191011,5.474157303370787
2020-05-12,11,12.714285714285714,10.0,0.7865168539325843,8.651685393258427,5.017977528089888
2020-05-13,11,12.714285714285714,10.0,0.7865168539325843,8.651685393258427,5.017977528089888
2020-05-14,18,12.714285714285714,10.0,0.7865168539325843,14.157303370786517,8.21123595505618
2020-05-15,18,12.714285714285714,10.0,0.7865168539325843,14.157303370786517,8.21123595505618
2020-05-16,8,12.714285714285714,10.0,0.7865168539325843,6.292134831460674,3.649438202247192
2020-05-17,12,9.571428571428571,7.0,0.7313432835820896,8.776119402985074,5.090149253731344
2020-05-18,10,9.571428571428571,7.0,0.7313432835820896,7.313432835820896,4.24179104477612
2020-05-19,8,9.571428571428571,7.0,0.7313432835820896,5.850746268656716,3.3934328358208963
2020-05-20,7,9.571428571428571,7.0,0.7313432835820896,5.119402985074627,2.969253731343284
2020-05-21,9,9.571428571428571,7.0,0.7313432835820896,6.582089552238806,3.817611940298508
2020-05-22,11,9.571428571428571,7.0,0.7313432835820896,8.044776119402986,4.665970149253732
2020-05-23,10,9.571428571428571,7.0,0.7313432835820896,7.313432835820896,4.24179104477612
2020-05-24,13,10.142857142857142,9.0,0.8873239436619719,11.535211267605634,6.690422535211268
2020-05-25,9,10.142857142857142,9.0,0.8873239436619719,7.985915492957747,4.631830985915494
2020-05-26,8,10.142857142857142,9.0,0.8873239436619719,7.098591549295775,4.11718309859155
2020-05-27,8,10.142857142857142,9.0,0.8873239436619719,7.098591549295775,4.11718309859155
2020-05-28,10,10.142857142857142,9.0,0.8873239436619719,8.873239436619718,5.146478873239437
2020-05-29,12,10.142857142857142,9.0,0.8873239436619719,10.647887323943662,6.175774647887325
2020-05-30,11,10.142857142857142,9.0,0.8873239436619719,9.76056338028169,5.661126760563381
2020-05-31,10,7.714285714285714,6.0,0.7777777777777778,7.777777777777778,4.511111111111112
2020-06-01,10,7.714285714285714,6.0,0.7777777777777778,7.777777777777778,4.511111111111112
2020-06-02,9,7.714285714285714,6.0,0.7777777777777778,7.0,4.0600000000000005
2020-06-03,5,7.714285714285714,6.0,0.7777777777777778,3.888888888888889,2.255555555555556
2020-06-04,7,7.714285714285714,6.0,0.7777777777777778,5.444444444444445,3.157777777777778
2020-06-05,6,7.714285714285714,6.0,0.7777777777777778,4.666666666666667,2.7066666666666674
2020-06-06,7,7.714285714285714,6.0,0.7777777777777778,5.444444444444445,3.157777777777778
2020-06-07,6,4.142857142857143,4.0,0.9655172413793103,5.793103448275861,3.36
2020-06-08,5,4.142857142857143,4.0,0.9655172413793103,4.827586206896552,2.8000000000000003
2020-06-09,4,4.142857142857143,4.0,0.9655172413793103,3.862068965517241,2.2399999999999998
2020-06-10,5,4.142857142857143,4.0,0.9655172413793103,4.827586206896552,2.8000000000000003
2020-06-11,4,4.142857142857143,4.0,0.9655172413793103,3.862068965517241,2.2399999999999998
2020-06-12,2,4.142857142857143,4.0,0.9655172413793103,1.9310344827586206,1.1199999999999999
2020-06-13,3,4.142857142857143,4.0,0.9655172413793103,2.8965517241379306,1.68
2020-06-14,1,3.4285714285714284,3.0,0.875,0.875,0.5075000000000001
2020-06-15,4,3.4285714285714284,3.0,0.875,3.5,2.0300000000000002
2020-06-16,4,3.4285714285714284,3.0,0.875,3.5,2.0300000000000002
2020-06-17,5,3.4285714285714284,3.0,0.875,4.375,2.5375
2020-06-18,3,3.4285714285714284,3.0,0.875,2.625,1.5225000000000002
2020-06-19,3,3.4285714285714284,3.0,0.875,2.625,1.5225000000000002
2020-06-20,4,3.4285714285714284,3.0,0.875,3.5,2.0300000000000002
2020-06-21,3,2.7142857142857144,2.0,0.7368421052631579,2.2105263157894735,1.2821052631578949
2020-06-22,2,2.7142857142857144,2.0,0.7368421052631579,1.4736842105263157,0.8547368421052631
2020-06-23,3,2.7142857142857144,2.0,0.7368421052631579,2.2105263157894735,1.2821052631578949
2020-06-24,2,2.7142857142857144,2.0,0.7368421052631579,1.4736842105263157,0.8547368421052631
2020-06-25,5,2.7142857142857144,2.0,0.7368421052631579,3.6842105263157894,2.1368421052631583
2020-06-26,2,2.7142857142857144,2.0,0.7368421052631579,1.4736842105263157,0.8547368421052631
2020-06-27,2,2.7142857142857144,2.0,0.7368421052631579,1.4736842105263157,0.8547368421052631
2020-06-28,2,2.5714285714285716,2.0,0.7777777777777777,1.5555555555555554,0.9022222222222221
2020-06-29,4,2.5714285714285716,2.0,0.7777777777777777,3.1111111111111107,1.8044444444444443
2020-06-30,2,2.5714285714285716,2.0,0.7777777777777777,1.5555555555555554,0.9022222222222221
2020-07-01,2,2.5714285714285716,2.0,0.7777777777777777,1.5555555555555554,0.9022222222222221
2020-07-02,3,2.5714285714285716,2.0,0.7777777777777777,2.333333333333333,1.3533333333333333
2020-07-03,3,2.5714285714285716,2.0,0.7777777777777777,2.333333333333333,1.3533333333333333
2020-07-04,2,2.5714285714285716,2.0,0.7777777777777777,1.5555555555555554,0.9022222222222221
2020-07-05,32,23.857142857142858,2.0,0.08383233532934131,2.682634730538922,1.555928143712575
2020-07-06,25,23.857142857142858,2.0,0.08383233532934131,2.095808383233533,1.2155688622754492
2020-07-07,23,23.857142857142858,2.0,0.08383233532934131,1.9281437125748502,1.1183233532934131
2020-07-08,20,23.857142857142858,2.0,0.08383233532934131,1.6766467065868262,0.9724550898203593
2020-07-09,31,23.857142857142858,2.0,0.08383233532934131,2.5988023952095807,1.507305389221557
2020-07-10,17,23.857142857142858,2.0,0.08383233532934131,1.4251497005988023,0.8265868263473055
2020-07-11,19,23.857142857142858,2.0,0.08383233532934131,1.592814371257485,0.9238323353293413
2020-07-12,19,31.0,3.0,0.0967741935483871,1.8387096774193548,1.066451612903226
2020-07-13,43,31.0,3.0,0.0967741935483871,4.161290322580645,2.4135483870967747
2020-07-14,37,31.0,3.0,0.0967741935483871,3.5806451612903225,2.0767741935483874
2020-07-15,30,31.0,3.0,0.0967741935483871,2.903225806451613,1.6838709677419357
2020-07-16,31,31.0,3.0,0.0967741935483871,3.0,1.7400000000000002
2020-07-17,27,31.0,3.0,0.0967741935483871,2.6129032258064515,1.515483870967742
2020-07-18,30,31.0,3.0,0.0967741935483871,2.903225806451613,1.6838709677419357
2020-07-19,29,24.0,2.0,0.08333333333333333,2.4166666666666665,1.4016666666666666
2020-07-20,32,24.0,2.0,0.08333333333333333,2.6666666666666665,1.5466666666666666
2020-07-21,26,24.0,2.0,0.08333333333333333,2.1666666666666665,1.2566666666666666
2020-07-22,17,24.0,2.0,0.08333333333333333,1.4166666666666665,0.8216666666666668
2020-07-23,20,24.0,2.0,0.08333333333333333,1.6666666666666665,0.9666666666666667
2020-07-24,22,24.0,2.0,0.08333333333333333,1.8333333333333333,1.0633333333333335
2020-07-25,22,24.0,2.0,0.08333333333333333,1.8333333333333333,1.0633333333333335
2020-07-26,29,30.0,2.0,0.06666666666666667,1.9333333333333333,1.1213333333333333
2020-07-27,28,30.0,2.0,0.06666666666666667,1.8666666666666667,1.0826666666666669
2020-07-28,28,30.0,2.0,0.06666666666666667,1.8666666666666667,1.0826666666666669
2020-07-29,23,30.0,2.0,0.06666666666666667,1.5333333333333332,0.8893333333333333
2020-07-30,39,30.0,2.0,0.06666666666666667,2.6,1.5080000000000002
2020-07-31,25,30.0,2.0,0.06666666666666667,1.6666666666666667,0.9666666666666669
2020-08-01,38,30.0,2.0,0.06666666666666667,2.533333333333333,1.4693333333333334
2020-08-02,50,37.285714285714285,3.0,0.08045977011494253,4.022988505747127,2.333333333333334
2020-08-03,36,37.285714285714285,3.0,0.08045977011494253,2.896551724137931,1.6800000000000002
2020-08-04,39,37.285714285714285,3.0,0.08045977011494253,3.1379310344827585,1.82
2020-08-05,38,37.285714285714285,3.0,0.08045977011494253,3.057471264367816,1.7733333333333337
2020-08-06,37,37.285714285714285,3.0,0.08045977011494253,2.9770114942528734,1.7266666666666666
2020-08-07,38,37.285714285714285,3.0,0.08045977011494253,3.057471264367816,1.7733333333333337
2020-08-08,23,37.285714285714285,3.0,0.08045977011494253,1.8505747126436782,1.0733333333333335
2020-08-09,38,37.57142857142857,3.0,0.07984790874524715,3.0342205323193916,1.7598479087452472
2020-08-10,37,37.57142857142857,3.0,0.07984790874524715,2.9543726235741445,1.7135361216730043
2020-08-11,39,37.57142857142857,3.0,0.07984790874524715,3.114068441064639,1.806159695817491
2020-08-12,31,37.57142857142857,3.0,0.07984790874524715,2.4752851711026618,1.435665399239544
2020-08-13,50,37.57142857142857,3.0,0.07984790874524715,3.9923954372623576,2.3155893536121677
2020-08-14,47,37.57142857142857,3.0,0.07984790874524715,3.752851711026616,2.1766539923954378
2020-08-15,21,37.57142857142857,3.0,0.07984790874524715,1.6768060836501901,0.9725475285171105
2020-08-16,42,35.714285714285715,2.0,0.056,2.352,1.36416
2020-08-17,27,35.714285714285715,2.0,0.056,1.512,0.8769600000000001
2020-08-18,23,35.714285714285715,2.0,0.056,1.288,0.7470400000000001
2020-08-19,43,35.714285714285715,2.0,0.056,2.408,1.39664
2020-08-20,40,35.714285714285715,2.0,0.056,2.24,1.2992000000000004
2020-08-21,36,35.714285714285715,2.0,0.056,2.016,1.16928
2020-08-22,39,35.714285714285715,2.0,0.056,2.184,1.26672
2020-08-23,21,34.285714285714285,3.0,0.08750000000000001,1.8375000000000001,1.0657500000000002
2020-08-24,54,34.285714285714285,3.0,0.08750000000000001,4.7250000000000005,2.7405000000000004
2020-08-25,39,34.285714285714285,3.0,0.08750000000000001,3.4125000000000005,1.9792500000000004
2020-08-26,34,34.285714285714285,3.0,0.08750000000000001,2.975,1.7255000000000003
2020-08-27,35,34.285714285714285,3.0,0.08750000000000001,3.0625000000000004,1.7762500000000003
2020-08-28,37,34.285714285714285,3.0,0.08750000000000001,3.2375000000000003,1.8777500000000003
2020-08-29,20,34.285714285714285,3.0,0.08750000000000001,1.7500000000000002,1.0150000000000003
2020-08-30,42,34.0,2.0,0.058823529411764705,2.4705882352941178,1.4329411764705884
2020-08-31,31,34.0,2.0,0.058823529411764705,1.8235294117647058,1.0576470588235294
2020-09-01,48,34.0,2.0,0.058823529411764705,2.8235294117647056,1.6376470588235295
2020-09-02,36,34.0,2.0,0.058823529411764705,2.1176470588235294,1.228235294117647
2020-09-03,31,34.0,2.0,0.058823529411764705,1.8235294117647058,1.0576470588235294
2020-09-04,25,34.0,2.0,0.058823529411764705,1.4705882352941175,0.8529411764705883
2020-09-05,25,34.0,2.0,0.058823529411764705,1.4705882352941175,0.8529411764705883
2020-09-06,11,31.285714285714285,3.0,0.09589041095890412,1.0547945205479452,0.6117808219178082
2020-09-07,39,31.285714285714285,3.0,0.09589041095890412,3.7397260273972606,2.169041095890411
2020-09-08,40,31.285714285714285,3.0,0.09589041095890412,3.8356164383561646,2.224657534246576
2020-09-09,43,31.285714285714285,3.0,0.09589041095890412,4.123287671232877,2.3915068493150686
2020-09-10,35,31.285714285714285,3.0,0.09589041095890412,3.356164383561644,1.9465753424657537
2020-09-11,21,31.285714285714285,3.0,0.09589041095890412,2.0136986301369864,1.1679452054794524
2020-09-12,30,31.285714285714285,3.0,0.09589041095890412,2.8767123287671237,1.6684931506849319
2020-09-13,40,45.142857142857146,3.0,0.06645569620253164,2.6582278481012658,1.5417721518987344
2020-09-14,52,45.142857142857146,3.0,0.06645569620253164,3.4556962025316453,2.0043037974683546
2020-09-15,64,45.142857142857146,3.0,0.06645569620253164,4.253164556962025,2.4668354430379744
2020-09-16,45,45.142857142857146,3.0,0.06645569620253164,2.9905063291139236,1.734493670886076
2020-09-17,40,45.142857142857146,3.0,0.06645569620253164,2.6582278481012658,1.5417721518987344
2020-09-18,29,45.142857142857146,3.0,0.06645569620253164,1.9272151898734176,1.1177848101265824
2020-09-19,46,45.142857142857146,3.0,0.06645569620253164,3.0569620253164556,1.7730379746835445
2020-09-20,68,61.714285714285715,4.0,0.06481481481481481,4.407407407407407,2.5562962962962965
2020-09-21,56,61.714285714285715,4.0,0.06481481481481481,3.6296296296296293,2.1051851851851855
2020-09-22,96,61.714285714285715,4.0,0.06481481481481481,6.222222222222221,3.6088888888888886
2020-09-23,69,61.714285714285715,4.0,0.06481481481481481,4.472222222222222,2.5938888888888894
2020-09-24,56,61.714285714285715,4.0,0.06481481481481481,3.6296296296296293,2.1051851851851855
2020-09-25,45,61.714285714285715,4.0,0.06481481481481481,2.9166666666666665,1.6916666666666667
2020-09-26,42,61.714285714285715,4.0,0.06481481481481481,2.722222222222222,1.5788888888888888
2020-09-27,52,77.57142857142857,5.0,0.06445672191528545,3.3517495395948433,1.9440147329650093
2020-09-28,100,77.57142857142857,5.0,0.06445672191528545,6.445672191528545,3.7384898710865566
2020-09-29,74,77.57142857142857,5.0,0.06445672191528545,4.769797421731123,2.7664825046040518
2020-09-30,95,77.57142857142857,5.0,0.06445672191528545,6.123388581952118,3.5515653775322287
2020-10-01,58,77.57142857142857,5.0,0.06445672191528545,3.738489871086556,2.168324125230203
2020-10-02,100,77.57142857142857,5.0,0.06445672191528545,6.445672191528545,3.7384898710865566
2020-10-03,64,77.57142857142857,5.0,0.06445672191528545,4.125230202578269,2.3926335174953963
2020-10-04,72,57.142857142857146,4.0,0.06999999999999999,5.039999999999999,2.9231999999999996
2020-10-05,60,57.142857142857146,4.0,0.06999999999999999,4.199999999999999,2.436
2020-10-06,66,57.142857142857146,4.0,0.06999999999999999,4.619999999999999,2.6795999999999998
2020-10-07,98,57.142857142857146,4.0,0.06999999999999999,6.859999999999999,3.9788000000000006
2020-10-08,49,57.142857142857146,4.0,0.06999999999999999,3.4299999999999997,1.9894000000000003
2020-10-09,25,57.142857142857146,4.0,0.06999999999999999,1.7499999999999998,1.015
2020-10-10,30,57.142857142857146,4.0,0.06999999999999999,2.0999999999999996,1.218
2020-10-11,62,64.42857142857143,4.0,0.06208425720620842,3.8492239467849223,2.2325498891352553
2020-10-12,78,64.42857142857143,4.0,0.06208425720620842,4.8425720620842565,2.808691796008869
2020-10-13,50,64.42857142857143,4.0,0.06208425720620842,3.104212860310421,1.8004434589800444
2020-10-14,71,64.42857142857143,4.0,0.06208425720620842,4.4079822616407975,2.556629711751663
2020-10-15,58,64.42857142857143,4.0,0.06208425720620842,3.6008869179600884,2.0885144124168513
2020-10-16,73,64.42857142857143,4.0,0.06208425720620842,4.532150776053215,2.628647450110865
2020-10-17,59,64.42857142857143,4.0,0.06208425720620842,3.6629711751662968,2.1245232815964523
2020-10-18,90,66.14285714285714,4.0,0.06047516198704104,5.442764578833693,3.1568034557235425
2020-10-19,83,66.14285714285714,4.0,0.06047516198704104,5.019438444924406,2.9112742980561555
2020-10-20,62,66.14285714285714,4.0,0.06047516198704104,3.7494600431965446,2.174686825053996
2020-10-21,91,66.14285714285714,4.0,0.06047516198704104,5.503239740820734,3.191879049676026
2020-10-22,66,66.14285714285714,4.0,0.06047516198704104,3.9913606911447084,2.314989200863931
2020-10-23,30,66.14285714285714,4.0,0.06047516198704104,1.8142548596112311,1.0522678185745142
2020-10-24,41,66.14285714285714,4.0,0.06047516198704104,2.4794816414686824,1.438099352051836
2020-10-25,82,67.42857142857143,5.0,0.07415254237288135,6.080508474576271,3.5266949152542373
2020-10-26,100,67.42857142857143,5.0,0.07415254237288135,7.415254237288135,4.3008474576271185
2020-10-27,50,67.42857142857143,5.0,0.07415254237288135,3.7076271186440675,2.1504237288135593
2020-10-28,78,67.42857142857143,5.0,0.07415254237288135,5.783898305084746,3.354661016949153
2020-10-29,62,67.42857142857143,5.0,0.07415254237288135,4.597457627118644,2.666525423728814
2020-10-30,49,67.42857142857143,5.0,0.07415254237288135,3.6334745762711864,2.1074152542372886
2020-10-31,51,67.42857142857143,5.0,0.07415254237288135,3.781779661016949,2.193432203389831
2020-11-01,50,45.142857142857146,3.0,0.06645569620253164,3.322784810126582,1.9272151898734176
2020-11-02,57,45.142857142857146,3.0,0.06645569620253164,3.7879746835443036,2.1970253164556963
2020-11-03,41,45.142857142857146,3.0,0.06645569620253164,2.7246835443037973,1.5803164556962026
2020-11-04,39,45.142857142857146,3.0,0.06645569620253164,2.591772151898734,1.5032278481012658
2020-11-05,58,45.142857142857146,3.0,0.06645569620253164,3.854430379746835,2.2355696202531647
2020-11-06,28,45.142857142857146,3.0,0.06645569620253164,1.8607594936708858,1.079240506329114
2020-11-07,43,45.142857142857146,3.0,0.06645569620253164,2.8575949367088604,1.6574050632911392
2020-11-08,45,49.0,4.0,0.08163265306122448,3.6734693877551017,2.1306122448979594
2020-11-09,57,49.0,4.0,0.08163265306122448,4.653061224489796,2.698775510204082
2020-11-10,30,49.0,4.0,0.08163265306122448,2.4489795918367343,1.420408163265306
2020-11-11,45,49.0,4.0,0.08163265306122448,3.6734693877551017,2.1306122448979594
2020-11-12,61,49.0,4.0,0.08163265306122448,4.979591836734693,2.8881632653061224
2020-11-13,58,49.0,4.0,0.08163265306122448,4.73469387755102,2.7461224489795923
2020-11-14,47,49.0,4.0,0.08163265306122448,3.836734693877551,2.2253061224489796
2020-11-15,63,42.857142857142854,3.0,0.07,4.41,2.5578000000000003
2020-11-16,44,42.857142857142854,3.0,0.07,3.08,1.7864000000000002
2020-11-17,42,42.857142857142854,3.0,0.07,2.9400000000000004,1.7052000000000005
2020-11-18,47,42.857142857142854,3.0,0.07,3.2900000000000005,1.9082000000000006
2020-11-19,54,42.857142857142854,3.0,0.07,3.7800000000000002,2.1924
2020-11-20,29,42.857142857142854,3.0,0.07,2.0300000000000002,1.1774000000000002
2020-11-21,21,42.857142857142854,3.0,0.07,1.4700000000000002,0.8526000000000002
2020-11-22,25,31.857142857142858,3.0,0.09417040358744394,2.3542600896860986,1.3654708520179373
2020-11-23,53,31.857142857142858,3.0,0.09417040358744394,4.991031390134529,2.8947982062780273
2020-11-24,34,31.857142857142858,3.0,0.09417040358744394,3.201793721973094,1.8570403587443947
2020-11-25,25,31.857142857142858,3.0,0.09417040358744394,2.3542600896860986,1.3654708520179373
2020-11-26,32,31.857142857142858,3.0,0.09417040358744394,3.013452914798206,1.7478026905829596
2020-11-27,30,31.857142857142858,3.0,0.09417040358744394,2.825112107623318,1.6385650224215245
2020-11-28,24,31.857142857142858,3.0,0.09417040358744394,2.2600896860986546,1.3108520179372198
2020-11-29,29,36.142857142857146,2.0,0.05533596837944663,1.6047430830039524,0.9307509881422924
2020-11-30,35,36.142857142857146,2.0,0.05533596837944663,1.936758893280632,1.1233201581027668
2020-12-01,33,36.142857142857146,2.0,0.05533596837944663,1.8260869565217388,1.0591304347826087
2020-12-02,33,36.142857142857146,2.0,0.05533596837944663,1.8260869565217388,1.0591304347826087
2020-12-03,38,36.142857142857146,2.0,0.05533596837944663,2.102766798418972,1.219604743083004
2020-12-04,47,36.142857142857146,2.0,0.05533596837944663,2.6007905138339917,1.5084584980237152
2020-12-05,38,36.142857142857146,2.0,0.05533596837944663,2.102766798418972,1.219604743083004
2020-12-06,33,38.285714285714285,2.0,0.05223880597014925,1.7238805970149254,0.9998507462686568
2020-12-07,56,38.285714285714285,2.0,0.05223880597014925,2.925373134328358,1.6967164179104481
2020-12-08,27,38.285714285714285,2.0,0.05223880597014925,1.4104477611940298,0.8180597014925375
2020-12-09,32,38.285714285714285,2.0,0.05223880597014925,1.671641791044776,0.9695522388059702
2020-12-10,36,38.285714285714285,2.0,0.05223880597014925,1.880597014925373,1.0907462686567164
2020-12-11,30,38.285714285714285,2.0,0.05223880597014925,1.5671641791044775,0.908955223880597
2020-12-12,54,38.285714285714285,2.0,0.05223880597014925,2.8208955223880596,1.636119402985075
2020-12-13,25,26.857142857142858,3.0,0.11170212765957446,2.7925531914893615,1.6196808510638299
2020-12-14,23,26.857142857142858,3.0,0.11170212765957446,2.5691489361702127,1.4901063829787236
2020-12-15,40,26.857142857142858,3.0,0.11170212765957446,4.468085106382978,2.5914893617021275
2020-12-16,28,26.857142857142858,3.0,0.11170212765957446,3.127659574468085,1.8140425531914897
2020-12-17,15,26.857142857142858,3.0,0.11170212765957446,1.675531914893617,0.971808510638298
2020-12-18,26,26.857142857142858,3.0,0.11170212765957446,2.904255319148936,1.6844680851063831
2020-12-19,31,26.857142857142858,3.0,0.11170212765957446,3.462765957446808,2.008404255319149
2020-12-20,23,29.714285714285715,2.0,0.0673076923076923,1.548076923076923,0.8978846153846153
2020-12-21,37,29.714285714285715,2.0,0.0673076923076923,2.4903846153846154,1.4444230769230773
2020-12-22,31,29.714285714285715,2.0,0.0673076923076923,2.0865384615384612,1.2101923076923076
2020-12-23,54,29.714285714285715,2.0,0.0673076923076923,3.6346153846153846,2.1080769230769234
2020-12-24,13,29.714285714285715,2.0,0.0673076923076923,0.875,0.5075000000000001
2020-12-25,22,29.714285714285715,2.0,0.0673076923076923,1.4807692307692306,0.8588461538461538
2020-12-26,28,29.714285714285715,2.0,0.0673076923076923,1.8846153846153846,1.0930769230769233
2020-12-27,22,26.857142857142858,2.0,0.07446808510638298,1.6382978723404253,0.9502127659574469
2020-12-28,28,26.857142857142858,2.0,0.07446808510638298,2.085106382978723,1.2093617021276597
2020-12-29,27,26.857142857142858,2.0,0.07446808510638298,2.0106382978723403,1.1661702127659574
2020-12-30,25,26.857142857142858,2.0,0.07446808510638298,1.8617021276595744,1.0797872340425534
2020-12-31,26,26.857142857142858,2.0,0.07446808510638298,1.9361702127659575,1.1229787234042554
2021-01-01,19,26.857142857142858,2.0,0.07446808510638298,1.4148936170212765,0.8206382978723404
2021-01-02,41,26.857142857142858,2.0,0.07446808510638298,3.053191489361702,1.7708510638297874
2021-01-03,2,2.0,4.0,2.0,4.0,2.3200000000000003
2021-01-04,2,2.0,4.0,2.0,4.0,2.3200000000000003
2021-01-05,2,2.0,4.0,2.0,4.0,2.3200000000000003
2021-01-06,2,2.0,4.0,2.0,4.0,2.3200000000000003
2021-01-07,2,2.0,4.0,2.0,4.0,2.3200000000000003
2021-01-08,2,2.0,4.0,2.0,4.0,2.3200000000000003
2021-01-09,2,2.0,4.0,2.0,4.0,2.3200000000000003
2021-01-10,2,3.0,4.0,1.3333333333333333,2.6666666666666665,1.5466666666666666
2021-01-11,2,3.0,4.0,1.3333333333333333,2.6666666666666665,1.5466666666666666
2021-01-12,2,3.0,4.0,1.3333333333333333,2.6666666666666665,1.5466666666666666
2021-01-13,4,3.0,4.0,1.3333333333333333,5.333333333333333,3.0933333333333333
2021-01-14,4,3.0,4.0,1.3333333333333333,5.333333333333333,3.0933333333333333
2021-01-15,4,3.0,4.0,1.3333333333333333,5.333333333333333,3.0933333333333333
2021-01-16,3,3.0,4.0,1.3333333333333333,4.0,2.3200000000000003
2021-01-17,3,4.0,7.0,1.75,5.25,3.0450000000000004
2021-01-18,3,4.0,7.0,1.75,5.25,3.0450000000000004
2021-01-19,4,4.0,7.0,1.75,7.0,4.0600000000000005
2021-01-20,4,4.0,7.0,1.75,7.0,4.0600000000000005
2021-01-21,5,4.0,7.0,1.75,8.75,5.075
2021-01-22,6,4.0,7.0,1.75,10.5,6.090000000000001
2021-01-23,3,4.0,7.0,1.75,5.25,3.0450000000000004
2021-01-24,4,6.142857142857143,10.0,1.627906976744186,6.511627906976744,3.7767441860465123
2021-01-25,7,6.142857142857143,10.0,1.627906976744186,11.395348837209303,6.609302325581397
2021-01-26,7,6.142857142857143,10.0,1.627906976744186,11.395348837209303,6.609302325581397
2021-01-27,6,6.142857142857143,10.0,1.627906976744186,9.767441860465116,5.665116279069768
2021-01-28,7,6.142857142857143,10.0,1.627906976744186,11.395348837209303,6.609302325581397
2021-01-29,6,6.142857142857143,10.0,1.627906976744186,9.767441860465116,5.665116279069768
2021-01-30,6,6.142857142857143,10.0,1.627906976744186,9.767441860465116,5.665116279069768
2021-01-31,7,9.285714285714286,15.0,1.6153846153846152,11.307692307692307,6.558461538461538
2021-02-01,9,9.285714285714286,15.0,1.6153846153846152,14.538461538461537,8.432307692307692
2021-02-02,9,9.285714285714286,15.0,1.6153846153846152,14.538461538461537,8.432307692307692
2021-02-03,9,9.285714285714286,15.0,1.6153846153846152,14.538461538461537,8.432307692307692
2021-02-04,9,9.285714285714286,15.0,1.6153846153846152,14.538461538461537,8.432307692307692
2021-02-05,11,9.285714285714286,15.0,1.6153846153846152,17.769230769230766,10.306153846153846
2021-02-06,11,9.285714285714286,15.0,1.6153846153846152,17.769230769230766,10.306153846153846
2021-02-07,10,11.714285714285714,19.0,1.6219512195121952,16.21951219512195,9.407317073170733
2021-02-08,13,11.714285714285714,19.0,1.6219512195121952,21.085365853658537,12.229512195121952
2021-02-09,10,11.714285714285714,19.0,1.6219512195121952,16.21951219512195,9.407317073170733
2021-02-10,10,11.714285714285714,19.0,1.6219512195121952,16.21951219512195,9.407317073170733
2021-02-11,12,11.714285714285714,19.0,1.6219512195121952,19.463414634146343,11.28878048780488
2021-02-12,12,11.714285714285714,19.0,1.6219512195121952,19.463414634146343,11.28878048780488
2021-02-13,15,11.714285714285714,19.0,1.6219512195121952,24.32926829268293,14.110975609756101
2021-02-14,15,20.857142857142858,36.0,1.726027397260274,25.89041095890411,15.016438356164386
2021-02-15,19,20.857142857142858,36.0,1.726027397260274,32.794520547945204,19.02082191780822
2021-02-16,24,20.857142857142858,36.0,1.726027397260274,41.42465753424658,24.026301369863017
2021-02-17,23,20.857142857142858,36.0,1.726027397260274,39.6986301369863,23.025205479452058
2021-02-18,19,20.857142857142858,36.0,1.726027397260274,32.794520547945204,19.02082191780822
2021-02-19,18,20.857142857142858,36.0,1.726027397260274,31.068493150684933,18.01972602739726
2021-02-20,28,20.857142857142858,36.0,1.726027397260274,48.32876712328767,28.03068493150685
2021-02-21,50,58.0,100.0,1.7241379310344827,86.20689655172413,50.0
2021-02-22,87,58.0,100.0,1.7241379310344827,150.0,87.00000000000001
2021-02-23,100,58.0,100.0,1.7241379310344827,172.41379310344826,100.0
2021-02-24,65,58.0,100.0,1.7241379310344827,112.06896551724137,65.0
2021-02-25,44,58.0,100.0,1.7241379310344827,75.86206896551724,44.00000000000001
2021-02-26,28,58.0,100.0,1.7241379310344827,48.275862068965516,28.000000000000004
2021-02-27,32,58.0,100.0,1.7241379310344827,55.172413793103445,32.0
2021-02-28,33,34.285714285714285,59.0,1.7208333333333334,56.7875,32.93675
2021-03-01,40,34.285714285714285,59.0,1.7208333333333334,68.83333333333334,39.923333333333346
2021-03-02,32,34.285714285714285,59.0,1.7208333333333334,55.06666666666667,31.93866666666667
2021-03-03,38,34.285714285714285,59.0,1.7208333333333334,65.39166666666667,37.92716666666667
2021-03-04,35,34.285714285714285,59.0,1.7208333333333334,60.22916666666667,34.93291666666668
2021-03-05,25,34.285714285714285,59.0,1.7208333333333334,43.020833333333336,24.952083333333338
2021-03-06,37,34.285714285714285,59.0,1.7208333333333334,63.670833333333334,36.92908333333334
2021-03-07,34,29.428571428571427,47.0,1.5970873786407769,54.30097087378641,31.494563106796118
2021-03-08,27,29.428571428571427,47.0,1.5970873786407769,43.12135922330098,25.010388349514567
2021-03-09,27,29.428571428571427,47.0,1.5970873786407769,43.12135922330098,25.010388349514567
2021-03-10,39,29.428571428571427,47.0,1.5970873786407769,62.2864077669903,36.12611650485438
2021-03-11,35,29.428571428571427,47.0,1.5970873786407769,55.89805825242719,32.420873786407775
2021-03-12,25,29.428571428571427,47.0,1.5970873786407769,39.92718446601942,23.157766990291265
2021-03-13,19,29.428571428571427,47.0,1.5970873786407769,30.34466019417476,17.599902912621364
2021-03-14,27,22.428571428571427,39.0,1.7388535031847134,46.94904458598726,27.230445859872614
2021-03-15,25,22.428571428571427,39.0,1.7388535031847134,43.47133757961784,25.21337579617835
2021-03-16,22,22.428571428571427,39.0,1.7388535031847134,38.254777070063696,22.187770700636946
2021-03-17,25,22.428571428571427,39.0,1.7388535031847134,43.47133757961784,25.21337579617835
2021-03-18,23,22.428571428571427,39.0,1.7388535031847134,39.99363057324841,23.196305732484078
2021-03-19,16,22.428571428571427,39.0,1.7388535031847134,27.821656050955415,16.136560509554144
2021-03-20,19,22.428571428571427,39.0,1.7388535031847134,33.038216560509554,19.162165605095545
2021-03-21,13,15.285714285714286,25.0,1.6355140186915886,21.261682242990652,12.33177570093458
2021-03-22,16,15.285714285714286,25.0,1.6355140186915886,26.168224299065418,15.177570093457945
2021-03-23,17,15.285714285714286,25.0,1.6355140186915886,27.803738317757006,16.126168224299064
2021-03-24,16,15.285714285714286,25.0,1.6355140186915886,26.168224299065418,15.177570093457945
2021-03-25,14,15.285714285714286,25.0,1.6355140186915886,22.89719626168224,13.2803738317757
2021-03-26,17,15.285714285714286,25.0,1.6355140186915886,27.803738317757006,16.126168224299064
2021-03-27,14,15.285714285714286,25.0,1.6355140186915886,22.89719626168224,13.2803738317757
2021-03-28,16,14.857142857142858,25.0,1.6826923076923077,26.923076923076923,15.615384615384617
2021-03-29,17,14.857142857142858,25.0,1.6826923076923077,28.60576923076923,16.591346153846157
2021-03-30,14,14.857142857142858,25.0,1.6826923076923077,23.557692307692307,13.663461538461538
2021-03-31,15,14.857142857142858,25.0,1.6826923076923077,25.240384615384617,14.63942307692308
2021-04-01,14,14.857142857142858,25.0,1.6826923076923077,23.557692307692307,13.663461538461538
2021-04-02,15,14.857142857142858,25.0,1.6826923076923077,25.240384615384617,14.63942307692308
2021-04-03,13,14.857142857142858,25.0,1.6826923076923077,21.875,12.687500000000002
2021-04-04,10,10.571428571428571,19.0,1.7972972972972974,17.972972972972975,10.424324324324328
2021-04-05,11,10.571428571428571,19.0,1.7972972972972974,19.77027027027027,11.466756756756757
2021-04-06,10,10.571428571428571,19.0,1.7972972972972974,17.972972972972975,10.424324324324328
2021-04-07,9,10.571428571428571,19.0,1.7972972972972974,16.175675675675677,9.381891891891895
2021-04-08,11,10.571428571428571,19.0,1.7972972972972974,19.77027027027027,11.466756756756757
2021-04-09,12,10.571428571428571,19.0,1.7972972972972974,21.56756756756757,12.50918918918919
2021-04-10,11,10.571428571428571,19.0,1.7972972972972974,19.77027027027027,11.466756756756757
2021-04-11,11,8.428571428571429,13.0,1.542372881355932,16.966101694915253,9.840338983050847
2021-04-12,9,8.428571428571429,13.0,1.542372881355932,13.88135593220339,8.051186440677967
2021-04-13,8,8.428571428571429,13.0,1.542372881355932,12.338983050847457,7.156610169491525
2021-04-14,7,8.428571428571429,13.0,1.542372881355932,10.796610169491524,6.262033898305084
2021-04-15,9,8.428571428571429,13.0,1.542372881355932,13.88135593220339,8.051186440677967
2021-04-16,8,8.428571428571429,13.0,1.542372881355932,12.338983050847457,7.156610169491525
2021-04-17,7,8.428571428571429,13.0,1.542372881355932,10.796610169491524,6.262033898305084
2021-04-18,11,9.285714285714286,15.0,1.6153846153846152,17.769230769230766,10.306153846153846
2021-04-19,10,9.285714285714286,15.0,1.6153846153846152,16.153846153846153,9.36923076923077
2021-04-20,8,9.285714285714286,15.0,1.6153846153846152,12.923076923076922,7.495384615384615
2021-04-21,10,9.285714285714286,15.0,1.6153846153846152,16.153846153846153,9.36923076923077
2021-04-22,10,9.285714285714286,15.0,1.6153846153846152,16.153846153846153,9.36923076923077
2021-04-23,8,9.285714285714286,15.0,1.6153846153846152,12.923076923076922,7.495384615384615
2021-04-24,8,9.285714285714286,15.0,1.6153846153846152,12.923076923076922,7.495384615384615
2021-04-25,8,5.428571428571429,10.0,1.8421052631578947,14.736842105263158,8.547368421052633
2021-04-26,7,5.428571428571429,10.0,1.8421052631578947,12.894736842105264,7.478947368421054
2021-04-27,6,5.428571428571429,10.0,1.8421052631578947,11.052631578947368,6.4105263157894745
2021-04-28,4,5.428571428571429,10.0,1.8421052631578947,7.368421052631579,4.273684210526317
2021-04-29,4,5.428571428571429,10.0,1.8421052631578947,7.368421052631579,4.273684210526317
2021-04-30,5,5.428571428571429,10.0,1.8421052631578947,9.210526315789473,5.342105263157895
2021-05-01,4,5.428571428571429,10.0,1.8421052631578947,7.368421052631579,4.273684210526317
2021-05-02,4,4.714285714285714,8.0,1.696969696969697,6.787878787878788,3.936969696969698
2021-05-03,6,4.714285714285714,8.0,1.696969696969697,10.181818181818182,5.905454545454546
2021-05-04,5,4.714285714285714,8.0,1.696969696969697,8.484848484848484,4.921212121212122
2021-05-05,5,4.714285714285714,8.0,1.696969696969697,8.484848484848484,4.921212121212122
2021-05-06,5,4.714285714285714,8.0,1.696969696969697,8.484848484848484,4.921212121212122
2021-05-07,4,4.714285714285714,8.0,1.696969696969697,6.787878787878788,3.936969696969698
2021-05-08,4,4.714285714285714,8.0,1.696969696969697,6.787878787878788,3.936969696969698
2021-05-09,4,4.428571428571429,8.0,1.8064516129032258,7.225806451612903,4.190967741935484
2021-05-10,5,4.428571428571429,8.0,1.8064516129032258,9.032258064516128,5.238709677419355
2021-05-11,5,4.428571428571429,8.0,1.8064516129032258,9.032258064516128,5.238709677419355
2021-05-12,4,4.428571428571429,8.0,1.8064516129032258,7.225806451612903,4.190967741935484
2021-05-13,4,4.428571428571429,8.0,1.8064516129032258,7.225806451612903,4.190967741935484
2021-05-14,4,4.428571428571429,8.0,1.8064516129032258,7.225806451612903,4.190967741935484
2021-05-15,5,4.428571428571429,8.0,1.8064516129032258,9.032258064516128,5.238709677419355
2021-05-16,3,2.7142857142857144,5.0,1.8421052631578947,5.526315789473684,3.2052631578947373
2021-05-17,2,2.7142857142857144,5.0,1.8421052631578947,3.6842105263157894,2.1368421052631583
2021-05-18,3,2.7142857142857144,5.0,1.8421052631578947,5.526315789473684,3.2052631578947373
2021-05-19,3,2.7142857142857144,5.0,1.8421052631578947,5.526315789473684,3.2052631578947373
2021-05-20,2,2.7142857142857144,5.0,1.8421052631578947,3.6842105263157894,2.1368421052631583
2021-05-21,3,2.7142857142857144,5.0,1.8421052631578947,5.526315789473684,3.2052631578947373
2021-05-22,3,2.7142857142857144,5.0,1.8421052631578947,5.526315789473684,3.2052631578947373
2021-05-23,3,4.285714285714286,6.0,1.4000000000000001,4.2,2.4360000000000004
2021-05-24,5,4.285714285714286,6.0,1.4000000000000001,7.000000000000001,4.060000000000001
2021-05-25,5,4.285714285714286,6.0,1.4000000000000001,7.000000000000001,4.060000000000001
2021-05-26,5,4.285714285714286,6.0,1.4000000000000001,7.000000000000001,4.060000000000001
2021-05-27,3,4.285714285714286,6.0,1.4000000000000001,4.2,2.4360000000000004
2021-05-28,5,4.285714285714286,6.0,1.4000000000000001,7.000000000000001,4.060000000000001
2021-05-29,4,4.285714285714286,6.0,1.4000000000000001,5.6000000000000005,3.248000000000001
2021-05-30,3,3.142857142857143,5.0,1.590909090909091,4.772727272727273,2.768181818181819
2021-05-31,4,3.142857142857143,5.0,1.590909090909091,6.363636363636364,3.690909090909092
2021-06-01,3,3.142857142857143,5.0,1.590909090909091,4.772727272727273,2.768181818181819
2021-06-02,4,3.142857142857143,5.0,1.590909090909091,6.363636363636364,3.690909090909092
2021-06-03,4,3.142857142857143,5.0,1.590909090909091,6.363636363636364,3.690909090909092
2021-06-04,2,3.142857142857143,5.0,1.590909090909091,3.181818181818182,1.845454545454546
2021-06-05,2,3.142857142857143,5.0,1.590909090909091,3.181818181818182,1.845454545454546
2021-06-06,2,2.5714285714285716,4.0,1.5555555555555554,3.1111111111111107,1.8044444444444443
2021-06-07,2,2.5714285714285716,4.0,1.5555555555555554,3.1111111111111107,1.8044444444444443
2021-06-08,4,2.5714285714285716,4.0,1.5555555555555554,6.222222222222221,3.6088888888888886
2021-06-09,3,2.5714285714285716,4.0,1.5555555555555554,4.666666666666666,2.7066666666666666
2021-06-10,3,2.5714285714285716,4.0,1.5555555555555554,4.666666666666666,2.7066666666666666
2021-06-11,2,2.5714285714285716,4.0,1.5555555555555554,3.1111111111111107,1.8044444444444443
2021-06-12,2,2.5714285714285716,4.0,1.5555555555555554,3.1111111111111107,1.8044444444444443
2021-06-13,2,2.0,3.0,1.5,3.0,1.7400000000000002
2021-06-14,2,2.0,3.0,1.5,3.0,1.7400000000000002
2021-06-15,2,2.0,3.0,1.5,3.0,1.7400000000000002
2021-06-16,2,2.0,3.0,1.5,3.0,1.7400000000000002
2021-06-17,2,2.0,3.0,1.5,3.0,1.7400000000000002
2021-06-18,2,2.0,3.0,1.5,3.0,1.7400000000000002
2021-06-19,2,2.0,3.0,1.5,3.0,1.7400000000000002
2021-06-20,2,1.8571428571428572,3.0,1.6153846153846154,3.230769230769231,1.8738461538461542
2021-06-21,3,1.8571428571428572,3.0,1.6153846153846154,4.846153846153847,2.8107692307692314
2021-06-22,2,1.8571428571428572,3.0,1.6153846153846154,3.230769230769231,1.8738461538461542
2021-06-23,2,1.8571428571428572,3.0,1.6153846153846154,3.230769230769231,1.8738461538461542
2021-06-24,2,1.8571428571428572,3.0,1.6153846153846154,3.230769230769231,1.8738461538461542
2021-06-25,1,1.8571428571428572,3.0,1.6153846153846154,1.6153846153846154,0.9369230769230771
2021-06-26,1,1.8571428571428572,3.0,1.6153846153846154,1.6153846153846154,0.9369230769230771
2021-06-27,1,1.2857142857142858,2.0,1.5555555555555554,1.5555555555555554,0.9022222222222221
2021-06-28,2,1.2857142857142858,2.0,1.5555555555555554,3.1111111111111107,1.8044444444444443
2021-06-29,2,1.2857142857142858,2.0,1.5555555555555554,3.1111111111111107,1.8044444444444443
2021-06-30,1,1.2857142857142858,2.0,1.5555555555555554,1.5555555555555554,0.9022222222222221
2021-07-01,1,1.2857142857142858,2.0,1.5555555555555554,1.5555555555555554,0.9022222222222221
2021-07-02,1,1.2857142857142858,2.0,1.5555555555555554,1.5555555555555554,0.9022222222222221
2021-07-03,1,1.2857142857142858,2.0,1.5555555555555554,1.5555555555555554,0.9022222222222221
