date,raw_daily,raw_weekly,medication_harmonized_daily
2015.12.27,9,10,4.5684781
2015.12.28,14,10,7.1065221
2015.12.29,19,10,9.6445656
2015.12.30,13,10,6.5989132
2015.12.31,17,10,8.6293488
2016.01.01,7,10,3.553261
2016.01.02,13,10,6.5989132
2016.01.03,9,9,5.0436001
2016.01.04,7,9,3.9227998
2016.01.05,10,9,5.6040001
2016.01.06,12,9,6.7248001
2016.01.07,14,9,7.8455997
2016.01.08,12,9,6.7248001
2016.01.09,11,9,6.1644001
2016.01.10,8,9,4.1004877
2016.01.11,12,9,6.1507316
2016.01.12,15,9,7.6884151
2016.01.13,12,9,6.1507316
2016.01.14,14,9,7.1758542
2016.01.15,10,9,5.1256099
2016.01.16,11,9,5.6381707
2016.01.17,8,9,4.1511111
2016.01.18,15,9,7.7833338
2016.01.19,15,9,7.7833338
2016.01.20,15,9,7.7833338
2016.01.21,11,9,5.707778
2016.01.22,8,9,4.1511111
2016.01.23,9,9,4.6700001
2016.01.24,13,12,6.8728304
2016.01.25,18,12,9.5162268
2016.01.26,12,12,6.344151
2016.01.27,14,12,7.4015093
2016.01.28,21,12,11.102264
2016.01.29,12,12,6.344151
2016.01.30,16,12,8.458868
2016.01.31,12,14,6.3270974
2016.02.01,16,14,8.4361296
2016.02.02,19,14,10.017904
2016.02.03,16,14,8.4361296
2016.02.04,20,14,10.545162
2016.02.05,16,14,8.4361296
2016.02.06,25,14,13.181452
2016.02.07,16,18,8.6771612
2016.02.08,26,18,14.100389
2016.02.09,29,18,15.727356
2016.02.10,29,18,15.727356
2016.02.11,20,18,10.846452
2016.02.12,18,18,9.7618074
2016.02.13,17,18,9.2194843
2016.02.14,21,29,11.285834
2016.02.15,32,29,17.197462
2016.02.16,37,29,19.884565
2016.02.17,48,29,25.796192
2016.02.18,38,29,20.421986
2016.02.19,41,29,22.034246
2016.02.20,35,29,18.809723
2016.02.21,45,43,23.4713
2016.02.22,51,43,26.600807
2016.02.23,61,43,31.81665
2016.02.24,61,43,31.81665
2016.02.25,59,43,30.773481
2016.02.26,47,43,24.514469
2016.02.27,61,43,31.81665
2016.02.28,85,63,43.116985
2016.02.29,80,63,40.580692
2016.03.01,88,63,44.63876
2016.03.02,69,63,35.000847
2016.03.03,73,63,37.029884
2016.03.04,92,63,46.667797
2016.03.05,93,63,47.175056
2016.03.06,100,69,53.526581
2016.03.07,92,69,49.244457
2016.03.08,86,69,46.03286
2016.03.09,96,69,51.385517
2016.03.10,89,69,47.63866
2016.03.11,66,69,35.327545
2016.03.12,73,69,39.074406
2016.03.13,55,54,28.538887
2016.03.14,47,54,24.387777
2016.03.15,70,54,36.322224
2016.03.16,86,54,44.624443
2016.03.17,80,54,41.511108
2016.03.18,81,54,42.029999
2016.03.19,67,54,34.765553
2016.03.20,62,47,31.944555
2016.03.21,65,47,33.490261
2016.03.22,78,47,40.188313
2016.03.23,68,47,35.035965
2016.03.24,58,47,29.883615
2016.03.25,41,47,21.124626
2016.03.26,54,47,27.822678
2016.03.27,40,31,20.462193
2016.03.28,37,31,18.927528
2016.03.29,35,31,17.904419
2016.03.30,42,31,21.485302
2016.03.31,46,31,23.531521
2016.04.01,38,31,19.439083
2016.04.02,45,31,23.019966
2016.04.03,29,23,15.120826
2016.04.04,30,23,15.642234
2016.04.05,31,23,16.163641
2016.04.06,31,23,16.163641
2016.04.07,28,23,14.599418
2016.04.08,30,23,15.642234
2016.04.09,27,23,14.078011
2016.04.10,24,19,12.309364
2016.04.11,26,19,13.335145
2016.04.12,28,19,14.360926
2016.04.13,26,19,13.335145
2016.04.14,23,19,11.796474
2016.04.15,18,19,9.2320232
2016.04.16,28,19,14.360926
2016.04.17,20,16,10.988235
2016.04.18,23,16,12.636472
2016.04.19,19,16,10.438825
2016.04.20,22,16,12.087059
2016.04.21,16,16,8.7905884
2016.04.22,18,16,9.8894119
2016.04.23,18,16,9.8894119
2016.04.24,15,15,8.0826931
2016.04.25,21,15,11.315771
2016.04.26,21,15,11.315771
2016.04.27,22,15,11.854616
2016.04.28,17,15,9.1603851
2016.04.29,18,15,9.6992321
2016.04.30,16,15,8.6215391
2016.05.01,14,13,7.8698149
2016.05.02,16,13,8.9940748
2016.05.03,15,13,8.4319448
2016.05.04,15,13,8.4319448
2016.05.05,18,13,10.118334
2016.05.06,16,13,8.9940748
2016.05.07,14,13,7.8698149
2016.05.08,15,11,7.8627553
2016.05.09,12,11,6.2902045
2016.05.10,11,11,5.7660203
2016.05.11,14,11,7.3385715
2016.05.12,14,11,7.3385715
2016.05.13,15,11,7.8627553
2016.05.14,17,11,8.9111223
2016.05.15,16,14,8.7173338
2016.05.16,17,14,9.2621679
2016.05.17,15,14,8.1725006
2016.05.18,15,14,8.1725006
2016.05.19,18,14,9.8070011
2016.05.20,18,14,9.8070011
2016.05.21,21,14,11.441502
2016.05.22,18,13,9.7569647
2016.05.23,21,13,11.383125
2016.05.24,23,13,12.467233
2016.05.25,18,13,9.7569647
2016.05.26,9,13,4.8784823
2016.05.27,12,13,6.504643
2016.05.28,11,13,5.9625893
2016.05.29,14,9,7.0893984
2016.05.30,8,9,4.0510845
2016.05.31,13,9,6.5830131
2016.06.01,10,9,5.0638556
2016.06.02,13,9,6.5830131
2016.06.03,13,9,6.5830131
2016.06.04,12,9,6.0766273
2016.06.05,7,8,3.6833801
2016.06.06,13,8,6.8405633
2016.06.07,8,8,4.2095776
2016.06.08,13,8,6.8405633
2016.06.09,10,8,5.2619715
2016.06.10,10,8,5.2619715
2016.06.11,10,8,5.2619715
2016.06.12,7,8,3.7360001
2016.06.13,8,8,4.2697144
2016.06.14,14,8,7.4720001
2016.06.15,10,8,5.3371429
2016.06.16,9,8,4.8034291
2016.06.17,12,8,6.404572
2016.06.18,10,8,5.3371429
2016.06.19,10,7,5.188889
2016.06.20,10,7,5.188889
2016.06.21,8,7,4.1511111
2016.06.22,12,7,6.2266674
2016.06.23,6,7,3.1133337
2016.06.24,10,7,5.188889
2016.06.25,7,7,3.6322224
2016.06.26,13,8,7.1423531
2016.06.27,10,8,5.4941177
2016.06.28,10,8,5.4941177
2016.06.29,9,8,4.944706
2016.06.30,7,8,3.8458827
2016.07.01,11,8,6.0435295
2016.07.02,8,8,4.3952942
2016.07.03,29,8,3.7360003
2016.07.04,33,8,4.2513108
2016.07.05,27,8,3.4783452
2016.07.06,47,8,6.0548973
2016.07.07,58,8,7.4720006
2016.07.08,45,8,5.7972422
2016.07.09,51,8,6.5702071
2016.07.10,32,8,3.9983947
2016.07.11,38,8,4.7480936
2016.07.12,54,8,6.7472911
2016.07.13,45,8,5.6227427
2016.07.14,39,8,4.8730435
2016.07.15,43,8,5.3728428
2016.07.16,48,8,5.997592
2016.07.17,33,7,4.1491156
2016.07.18,38,7,4.7777696
2016.07.19,45,7,5.6578846
2016.07.20,38,7,4.7777696
2016.07.21,33,7,4.1491156
2016.07.22,29,7,3.6461923
2016.07.23,44,7,5.5321541
2016.07.24,61,8,7.3752747
2016.07.25,33,8,3.9899027
2016.07.26,46,8,5.5616832
2016.07.27,63,8,7.6170874
2016.07.28,21,8,2.5390291
2016.07.29,38,8,4.5944338
2016.07.30,47,8,5.6825891
2016.07.31,35,7,4.253346
2016.08.01,43,7,5.2255392
2016.08.02,50,7,6.0762086
2016.08.03,38,7,4.617919
2016.08.04,34,7,4.1318221
2016.08.05,29,7,3.5242012
2016.08.06,40,7,4.8609672
2016.08.07,25,7,3.0045958
2016.08.08,31,7,3.7256985
2016.08.09,49,7,5.8890076
2016.08.10,28,7,3.3651471
2016.08.11,59,7,7.0908456
2016.08.12,38,7,4.5669851
2016.08.13,42,7,5.0477209
2016.08.14,52,7,6.5129504
2016.08.15,54,7,6.7634482
2016.08.16,42,7,5.2604599
2016.08.17,38,7,4.7594638
2016.08.18,23,7,2.880728
2016.08.19,29,7,3.6322222
2016.08.20,23,7,2.880728
2016.08.21,37,8,4.733973
2016.08.22,39,8,4.9898634
2016.08.23,48,8,6.1413703
2016.08.24,45,8,5.757534
2016.08.25,53,8,6.7810965
2016.08.26,45,8,5.757534
2016.08.27,25,8,3.1986301
2016.08.28,40,7,4.9718633
2016.08.29,23,7,2.8588214
2016.08.30,46,7,5.7176428
2016.08.31,30,7,3.7288973
2016.09.01,41,7,5.0961595
2016.09.02,44,7,5.4690495
2016.09.03,39,7,4.8475666
2016.09.04,36,10,4.7224717
2016.09.05,57,10,7.4772472
2016.09.06,42,10,5.5095506
2016.09.07,66,10,8.6578655
2016.09.08,42,10,5.5095506
2016.09.09,61,10,8.0019665
2016.09.10,52,10,6.8213487
2016.09.11,39,8,4.8893962
2016.09.12,41,8,5.1401343
2016.09.13,65,8,8.1489935
2016.09.14,57,8,7.14604
2016.09.15,20,8,2.5073824
2016.09.16,20,8,2.5073824
2016.09.17,56,8,7.0206709
2016.09.18,27,8,3.6680729
2016.09.19,36,8,4.8907638
2016.09.20,33,8,4.4832001
2016.09.21,64,8,8.6946907
2016.09.22,41,8,5.5700364
2016.09.23,48,8,6.5210185
2016.09.24,26,8,3.5322185
2016.09.25,38,8,4.564888
2016.09.26,41,8,4.9252739
2016.09.27,53,8,6.3668175
2016.09.28,41,8,4.9252739
2016.09.29,41,8,4.9252739
2016.09.30,42,8,5.0454021
2016.10.01,55,8,6.6070747
2016.10.02,37,10,4.6448927
2016.10.03,50,10,6.2768817
2016.10.04,38,10,4.7704301
2016.10.05,65,10,8.1599464
2016.10.06,61,10,7.6577959
2016.10.07,67,10,8.4110212
2016.10.08,54,10,6.7790322
2016.10.09,46,12,5.7285337
2016.10.10,46,12,5.7285337
2016.10.11,59,12,7.3474669
2016.10.12,100,12,12.453333
2016.10.13,71,12,8.8418665
2016.10.14,59,12,7.3474669
2016.10.15,69,12,8.5928001
2016.10.16,40,10,5.3219376
2016.10.17,50,10,6.652422
2016.10.18,46,10,6.1202278
2016.10.19,68,10,9.0472937
2016.10.20,37,10,4.922792
2016.10.21,52,10,6.9185185
2016.10.22,58,10,7.7168093
2016.10.23,62,11,7.6930919
2016.10.24,89,11,11.043308
2016.10.25,57,11,7.0726814
2016.10.26,58,11,7.1967635
2016.10.27,54,11,6.7004347
2016.10.28,47,11,5.8318601
2016.10.29,47,11,5.8318601
2016.10.30,68,12,8.6215391
2016.10.31,50,12,6.3393669
2016.11.01,47,12,5.9590049
2016.11.02,76,12,9.6358376
2016.11.03,70,12,8.8751135
2016.11.04,67,12,8.4947519
2016.11.05,64,12,8.1143894
2016.11.06,57,13,7.6221814
2016.11.07,67,13,8.9594059
2016.11.08,77,13,10.296631
2016.11.09,64,13,8.558239
2016.11.10,44,13,5.8837891
2016.11.11,90,13,12.035023
2016.11.12,55,13,7.3547363
2016.11.13,38,10,4.7576408
2016.11.14,68,10,8.5136738
2016.11.15,52,10,6.5104566
2016.11.16,60,10,7.5120645
2016.11.17,49,10,6.1348524
2016.11.18,66,10,8.2632713
2016.11.19,40,10,5.0080433
2016.11.20,55,10,7.1149583
2016.11.21,59,10,7.63241
2016.11.22,58,10,7.503047
2016.11.23,35,10,4.5277009
2016.11.24,51,10,6.597507
2016.11.25,58,10,7.503047
2016.11.26,45,10,5.8213296
2016.11.27,46,9,5.6864119
2016.11.28,64,9,7.9115291
2016.11.29,51,9,6.3045001
2016.11.30,44,9,5.4391766
2016.12.01,57,9,7.0462055
2016.12.02,41,9,5.0683231
2016.12.03,37,9,4.573853
2016.12.04,20,7,2.5341086
2016.12.05,40,7,5.0682173
2016.12.06,41,7,5.1949229
2016.12.07,57,7,7.2222095
2016.12.08,32,7,4.054574
2016.12.09,38,7,4.8148065
2016.12.10,30,7,3.8011627
2016.12.11,40,9,5.1100307
2016.12.12,57,9,7.2817941
2016.12.13,45,9,5.7487845
2016.12.14,54,9,6.8985415
2016.12.15,34,9,4.3435264
2016.12.16,52,9,6.6430397
2016.12.17,47,9,6.0042858
2016.12.18,33,8,4.3411264
2016.12.19,47,8,6.1828165
2016.12.20,54,8,7.1036615
2016.12.21,56,8,7.3667603
2016.12.22,39,8,5.1304221
2016.12.23,31,8,4.0780282
2016.12.24,24,8,3.1571832
2016.12.25,30,9,3.7864864
2016.12.26,54,9,6.8156757
2016.12.27,52,9,6.5632429
2016.12.28,53,9,6.6894593
2016.12.29,44,9,5.5535131
2016.12.30,43,9,5.4272971
2016.12.31,57,9,7.194324
2017.01.01,10,8,5.3371429
2017.01.02,11,8,5.8708572
2017.01.03,8,8,4.2697144
2017.01.04,8,8,4.2697144
2017.01.05,12,8,6.404572
2017.01.06,9,8,4.8034291
2017.01.07,12,8,6.404572
2017.01.08,11,9,5.8522787
2017.01.09,13,9,6.9163289
2017.01.10,14,9,7.4483552
2017.01.11,8,9,4.2562027
2017.01.12,12,9,6.384304
2017.01.13,9,9,4.788228
2017.01.14,12,9,6.384304
2017.01.15,9,10,4.6700001
2017.01.16,11,10,5.707778
2017.01.17,18,10,9.3400002
2017.01.18,11,10,5.707778
2017.01.19,14,10,7.2644448
2017.01.20,13,10,6.7455559
2017.01.21,14,10,7.2644448
2017.01.22,12,12,6.344151
2017.01.23,8,12,4.229434
2017.01.24,18,12,9.5162268
2017.01.25,18,12,9.5162268
2017.01.26,14,12,7.4015093
2017.01.27,19,12,10.044906
2017.01.28,17,12,8.9875469
2017.01.29,14,23,7.2295198
2017.01.30,37,23,19.106586
2017.01.31,27,23,13.942646
2017.02.01,37,23,19.106586
2017.02.02,28,23,14.45904
2017.02.03,26,23,13.42625
2017.02.04,39,23,20.139378
2017.02.05,30,25,15.162337
2017.02.06,36,25,18.194807
2017.02.07,38,25,19.205627
2017.02.08,29,25,14.656926
2017.02.09,31,25,15.667749
2017.02.10,37,25,18.700216
2017.02.11,30,25,15.162337
2017.02.12,23,30,11.346127
2017.02.13,45,30,22.198944
2017.02.14,40,30,19.732393
2017.02.15,40,30,19.732393
2017.02.16,48,30,23.678871
2017.02.17,50,30,24.665491
2017.02.18,38,30,18.745773
2017.02.19,49,44,25.046072
2017.02.20,66,44,33.735523
2017.02.21,65,44,33.22438
2017.02.22,58,44,29.64637
2017.02.23,49,44,25.046072
2017.02.24,56,44,28.624083
2017.02.25,59,44,30.157515
2017.02.26,55,53,26.903259
2017.02.27,87,53,42.556068
2017.02.28,77,53,37.664566
2017.03.01,66,53,32.283913
2017.03.02,58,53,28.370712
2017.03.03,71,53,34.729664
2017.03.04,92,53,45.00182
2017.03.05,100,62,50.618881
2017.03.06,97,62,49.100315
2017.03.07,95,62,48.08794
2017.03.08,81,62,41.001293
2017.03.09,69,62,34.927029
2017.03.10,65,62,32.902271
2017.03.11,65,62,32.902271
2017.03.12,68,49,34.425751
2017.03.13,65,49,32.906971
2017.03.14,61,49,30.881926
2017.03.15,58,49,29.363144
2017.03.16,69,49,34.932014
2017.03.17,61,49,30.881926
2017.03.18,70,49,35.438274
2017.03.19,87,46,43.564896
2017.03.20,70,46,35.052216
2017.03.21,55,46,27.541027
2017.03.22,66,46,33.049232
2017.03.23,52,46,26.03879
2017.03.24,46,46,23.034313
2017.03.25,53,46,26.539536
2017.03.26,27,23,13.364379
2017.03.27,35,23,17.324194
2017.03.28,36,23,17.819172
2017.03.29,31,23,15.344286
2017.03.30,32,23,15.839263
2017.03.31,34,23,16.829218
2017.04.01,22,23,10.889493
2017.04.02,33,23,16.878714
2017.04.03,32,23,16.367239
2017.04.04,33,23,16.878714
2017.04.05,37,23,18.92462
2017.04.06,31,23,15.855762
2017.04.07,19,23,9.7180481
2017.04.08,25,23,12.786904
2017.04.09,20,22,10.172277
2017.04.10,27,22,13.732574
2017.04.11,29,22,14.749803
2017.04.12,29,22,14.749803
2017.04.13,28,22,14.241189
2017.04.14,38,22,19.327328
2017.04.15,31,22,15.76703
2017.04.16,39,20,19.904921
2017.04.17,24,20,12.249182
2017.04.18,28,20,14.29071
2017.04.19,19,20,9.6972685
2017.04.20,25,20,12.759563
2017.04.21,25,20,12.759563
2017.04.22,23,20,11.738798
2017.04.23,17,15,8.6293488
2017.04.24,28,15,14.213045
2017.04.25,26,15,13.197827
2017.04.26,19,15,9.6445665
2017.04.27,18,15,9.1369572
2017.04.28,16,15,8.1217403
2017.04.29,14,15,7.1065226
2017.04.30,17,15,8.8211107
2017.05.01,24,15,12.453333
2017.05.02,21,15,10.896667
2017.05.03,21,15,10.896667
2017.05.04,18,15,9.3399992
2017.05.05,18,15,9.3399992
2017.05.06,16,15,8.3022223
2017.05.07,12,12,5.7476926
2017.05.08,17,12,8.1425648
2017.05.09,23,12,11.016411
2017.05.10,14,12,6.7056413
2017.05.11,18,12,8.6215391
2017.05.12,18,12,8.6215391
2017.05.13,15,12,7.1846156
2017.05.14,13,11,6.8846402
2017.05.15,14,11,7.414227
2017.05.16,12,11,6.3550525
2017.05.17,17,11,9.0029907
2017.05.18,11,11,5.8254642
2017.05.19,17,11,9.0029907
2017.05.20,13,11,6.8846402
2017.05.21,16,13,8.0946674
2017.05.22,19,13,9.6124182
2017.05.23,25,13,12.647918
2017.05.24,17,13,8.600584
2017.05.25,15,13,7.5887508
2017.05.26,15,13,7.5887508
2017.05.27,13,13,6.5769172
2017.05.28,12,11,6.6283875
2017.05.29,16,11,8.8378496
2017.05.30,16,11,8.8378496
2017.05.31,13,11,7.1807532
2017.06.01,12,11,6.6283875
2017.06.02,11,11,6.0760217
2017.06.03,13,11,7.1807532
2017.06.04,8,8,4.1511111
2017.06.05,14,8,7.2644448
2017.06.06,14,8,7.2644448
2017.06.07,10,8,5.188889
2017.06.08,8,8,4.1511111
2017.06.09,10,8,5.188889
2017.06.10,8,8,4.1511111
2017.06.11,9,10,4.6700001
2017.06.12,13,10,6.7455559
2017.06.13,6,10,3.1133337
2017.06.14,22,10,11.415556
2017.06.15,17,10,8.8211117
2017.06.16,13,10,6.7455559
2017.06.17,10,10,5.188889
2017.06.18,13,8,6.9382863
2017.06.19,9,8,4.8034291
2017.06.20,10,8,5.3371429
2017.06.21,11,8,5.8708572
2017.06.22,9,8,4.8034291
2017.06.23,10,8,5.3371429
2017.06.24,8,8,4.2697144
2017.06.25,6,8,3.202286
2017.06.26,14,8,7.4720001
2017.06.27,11,8,5.8708572
2017.06.28,15,8,8.0057144
2017.06.29,8,8,4.2697144
2017.06.30,10,8,5.3371429
2017.07.01,6,8,3.202286
2017.07.02,31,6,3.3798444
2017.07.03,33,6,3.5978987
2017.07.04,29,6,3.1617897
2017.07.05,51,6,5.560389
2017.07.06,28,6,3.0527625
2017.07.07,46,6,5.0152531
2017.07.08,39,6,4.2520623
2017.07.09,46,7,4.6699996
2017.07.10,36,7,3.6547825
2017.07.11,40,7,4.0608692
2017.07.12,69,7,7.0050001
2017.07.13,34,7,3.4517393
2017.07.14,50,7,5.076087
2017.07.15,47,7,4.7715216
2017.07.16,49,7,5.3216281
2017.07.17,33,7,3.5839536
2017.07.18,38,7,4.126977
2017.07.19,43,7,4.6700001
2017.07.20,43,7,4.6700001
2017.07.21,38,7,4.126977
2017.07.22,57,7,6.1904655
2017.07.23,42,6,4.1148252
2017.07.24,46,6,4.5067134
2017.07.25,39,6,3.8209093
2017.07.26,35,6,3.4290211
2017.07.27,55,6,5.3884621
2017.07.28,33,6,3.233077
2017.07.29,36,6,3.5269933
2017.07.30,43,7,4.8139386
2017.07.31,42,7,4.7019863
2017.08.01,29,7,3.2466097
2017.08.02,55,7,6.1573634
2017.08.03,32,7,3.5824659
2017.08.04,47,7,5.2617469
2017.08.05,44,7,4.9258904
2017.08.06,68,8,7.4283047
2017.08.07,29,8,3.1679533
2017.08.08,57,8,6.2266665
2017.08.09,40,8,4.3695908
2017.08.10,39,8,4.2603512
2017.08.11,46,8,5.0250292
2017.08.12,63,8,6.8821054
2017.08.13,56,8,6.3016872
2017.08.14,66,8,7.4269881
2017.08.15,43,8,4.8387957
2017.08.16,60,8,6.7518077
2017.08.17,33,8,3.7134941
2017.08.18,45,8,5.0638556
2017.08.19,29,8,3.2633736
2017.08.20,31,8,3.4265091
2017.08.21,59,8,6.5214205
2017.08.22,38,8,4.2002373
2017.08.23,57,8,6.3003554
2017.08.24,51,8,5.6371598
2017.08.25,46,8,5.0844975
2017.08.26,56,8,6.1898227
2017.08.27,43,9,4.9514799
2017.08.28,32,9,3.6848221
2017.08.29,54,9,6.2181373
2017.08.30,68,9,7.8302469
2017.08.31,56,9,6.4484386
2017.09.01,41,9,4.7211785
2017.09.02,71,9,8.1756992
2017.09.03,65,11,7.1347227
2017.09.04,94,11,10.317906
2017.09.05,85,11,9.3300219
2017.09.06,58,11,6.3663678
2017.09.07,60,11,6.5858979
2017.09.08,55,11,6.0370731
2017.09.09,51,11,5.5980129
2017.09.10,55,9,5.8375001
2017.09.11,68,9,7.2172732
2017.09.12,77,9,8.1725006
2017.09.13,39,9,4.1393185
2017.09.14,57,9,6.0497732
2017.09.15,49,9,5.2006822
2017.09.16,51,9,5.4129543
2017.09.17,44,9,4.6117706
2017.09.18,44,9,4.6117706
2017.09.19,57,9,5.9743395
2017.09.20,74,9,7.7561603
2017.09.21,62,9,6.498404
2017.09.22,57,9,5.9743395
2017.09.23,63,9,6.6032171
2017.09.24,60,12,6.4413795
2017.09.25,100,12,10.735633
2017.09.26,73,12,7.8370118
2017.09.27,57,12,6.1193104
2017.09.28,72,12,7.7296557
2017.09.29,97,12,10.413564
2017.09.30,63,12,6.7634492
2017.10.01,64,11,6.9950633
2017.10.02,72,11,7.8694468
2017.10.03,74,11,8.0880423
2017.10.04,90,11,9.8368082
2017.10.05,55,11,6.0113826
2017.10.06,67,11,7.322957
2017.10.07,48,11,5.2462974
2017.10.08,63,11,6.9004478
2017.10.09,53,11,5.8051386
2017.10.10,76,11,8.3243494
2017.10.11,60,11,6.5718551
2017.10.12,73,11,7.9957566
2017.10.13,70,11,7.6671643
2017.10.14,74,11,8.1052885
2017.10.15,50,10,5.294785
2017.10.16,61,10,6.4596376
2017.10.17,76,10,8.0480728
2017.10.18,71,10,7.5185943
2017.10.19,64,10,6.7773247
2017.10.20,47,10,4.977098
2017.10.21,72,10,7.6244903
2017.10.22,46,10,4.78441
2017.10.23,76,10,7.9046769
2017.10.24,76,10,7.9046769
2017.10.25,48,10,4.9924273
2017.10.26,60,10,6.2405348
2017.10.27,69,10,7.1766143
2017.10.28,74,10,7.6966591
2017.10.29,36,9,4.1568131
2017.10.30,69,9,7.967226
2017.10.31,75,9,8.6600275
2017.11.01,54,9,6.2352204
2017.11.02,53,9,6.1197534
2017.11.03,35,9,4.0413465
2017.11.04,42,9,4.8496156
2017.11.05,40,9,4.3441863
2017.11.06,53,9,5.7560468
2017.11.07,66,9,7.1679072
2017.11.08,80,9,8.6883726
2017.11.09,54,9,5.8646517
2017.11.10,54,9,5.8646517
2017.11.11,40,9,4.3441863
2017.11.12,68,9,6.9538684
2017.11.13,51,9,5.2154016
2017.11.14,65,9,6.6470804
2017.11.15,72,9,7.3629198
2017.11.16,46,9,4.7040877
2017.11.17,65,9,6.6470804
2017.11.18,44,9,4.4995623
2017.11.19,48,8,4.9265938
2017.11.20,57,8,5.8503299
2017.11.21,55,8,5.6450548
2017.11.22,59,8,6.0556049
2017.11.23,52,8,5.3371429
2017.11.24,63,8,6.4661546
2017.11.25,30,8,3.0791209
2017.11.26,41,8,4.3764572
2017.11.27,58,8,6.1910858
2017.11.28,59,8,6.2978287
2017.11.29,51,8,5.4438858
2017.11.30,51,8,5.4438858
2017.12.01,29,8,3.0955429
2017.12.02,61,8,6.5113149
2017.12.03,26,8,2.9796319
2017.12.04,46,8,5.2716565
2017.12.05,61,8,6.9906754
2017.12.06,46,8,5.2716565
2017.12.07,60,8,6.8760738
2017.12.08,57,8,6.5322704
2017.12.09,30,8,3.4380369
2017.12.10,42,8,4.4832001
2017.12.11,47,8,5.0169144
2017.12.12,70,8,7.4720001
2017.12.13,48,8,5.1236572
2017.12.14,55,8,5.8708572
2017.12.15,40,8,4.2697144
2017.12.16,48,8,5.1236572
2017.12.17,34,8,3.5882487
2017.12.18,64,8,6.7543502
2017.12.19,49,8,5.1712995
2017.12.20,57,8,6.0155931
2017.12.21,55,8,5.8045197
2017.12.22,55,8,5.8045197
2017.12.23,40,8,4.2214689
2017.12.24,33,8,3.5326076
2017.12.25,68,8,7.2793126
2017.12.26,51,8,5.4594846
2017.12.27,66,8,7.0652151
2017.12.28,43,8,4.6030946
2017.12.29,44,8,4.7101431
2017.12.30,44,8,4.7101431
2017.12.31,8,8,6.641778
2018.01.01,3,8,2.4906669
2018.01.02,8,8,6.641778
2018.01.03,6,8,4.9813337
2018.01.04,7,8,5.8115559
2018.01.05,8,8,6.641778
2018.01.06,5,8,4.1511111
2018.01.07,8,9,6.2266665
2018.01.08,7,9,5.4483333
2018.01.09,10,9,7.7833333
2018.01.10,10,9,7.7833333
2018.01.11,8,9,6.2266665
2018.01.12,4,9,3.1133332
2018.01.13,7,9,5.4483333
2018.01.14,8,11,6.8493342
2018.01.15,8,11,6.8493342
2018.01.16,10,11,8.5616674
2018.01.17,7,11,5.9931669
2018.01.18,11,11,9.4178343
2018.01.19,8,11,6.8493342
2018.01.20,8,11,6.8493342
2018.01.21,10,12,8.1217403
2018.01.22,6,12,4.8730435
2018.01.23,7,12,5.6852183
2018.01.24,11,12,8.9339142
2018.01.25,10,12,8.1217403
2018.01.26,10,12,8.1217403
2018.01.27,15,12,12.18261
2018.01.28,23,17,18.444141
2018.01.29,13,17,10.42495
2018.01.30,12,17,9.6230307
2018.01.31,13,17,10.42495
2018.02.01,13,17,10.42495
2018.02.02,11,17,8.8211107
2018.02.03,14,17,11.226868
2018.02.04,14,19,11.191172
2018.02.05,17,19,13.58928
2018.02.06,14,19,11.191172
2018.02.07,19,19,15.188019
2018.02.08,13,19,10.391802
2018.02.09,16,19,12.78991
2018.02.10,18,19,14.388649
2018.02.11,14,29,10.8344
2018.02.12,28,29,21.6688
2018.02.13,31,29,23.990458
2018.02.14,27,29,20.894915
2018.02.15,25,29,19.347143
2018.02.16,25,29,19.347143
2018.02.17,25,29,19.347143
2018.02.18,30,33,23.70923
2018.02.19,28,33,22.128616
2018.02.20,29,33,22.918924
2018.02.21,29,33,22.918924
2018.02.22,31,33,24.499538
2018.02.23,24,33,18.967384
2018.02.24,24,33,18.967384
2018.02.25,37,73,29.198313
2018.02.26,51,73,40.246323
2018.02.27,51,73,40.246323
2018.02.28,58,73,45.770329
2018.03.01,75,73,59.185768
2018.03.02,87,73,68.655487
2018.03.03,73,73,57.607483
2018.03.04,79,78,60.582195
2018.03.05,73,78,55.981014
2018.03.06,79,78,60.582195
2018.03.07,86,78,65.950241
2018.03.08,54,78,41.410614
2018.03.09,46,78,35.275707
2018.03.10,58,78,44.478069
2018.03.11,76,98,59.86602
2018.03.12,96,98,75.620239
2018.03.13,94,98,74.044815
2018.03.14,91,98,71.681686
2018.03.15,100,98,78.77108
2018.03.16,62,98,48.838074
2018.03.17,62,98,48.838074
2018.03.18,60,48,46.862717
2018.03.19,49,48,38.271221
2018.03.20,31,48,24.212404
2018.03.21,34,48,26.55554
2018.03.22,34,48,26.55554
2018.03.23,39,48,30.460766
2018.03.24,40,48,31.241812
2018.03.25,50,64,38.815586
2018.03.26,56,64,43.473454
2018.03.27,51,64,39.591896
2018.03.28,49,64,38.039272
2018.03.29,56,64,43.473454
2018.03.30,61,64,47.355015
2018.03.31,62,64,48.131325
2018.04.01,49,48,39.228004
2018.04.02,46,48,36.826286
2018.04.03,36,48,28.820572
2018.04.04,41,48,32.823429
2018.04.05,42,48,33.624001
2018.04.06,37,48,29.621145
2018.04.07,29,48,23.216574
2018.04.08,24,26,18.68
2018.04.09,26,26,20.236666
2018.04.10,29,26,22.571667
2018.04.11,22,26,17.123333
2018.04.12,18,26,14.01
2018.04.13,17,26,13.231667
2018.04.14,20,26,15.566667
2018.04.15,14,17,11.824042
2018.04.16,16,17,13.513192
2018.04.17,13,17,10.979468
2018.04.18,13,17,10.979468
2018.04.19,9,17,7.601171
2018.04.20,13,17,10.979468
2018.04.21,16,17,13.513192
2018.04.22,14,14,11.4415
2018.04.23,13,14,10.62425
2018.04.24,12,14,9.8070011
2018.04.25,6,14,4.9035006
2018.04.26,12,14,9.8070011
2018.04.27,12,14,9.8070011
2018.04.28,11,14,8.9897509
2018.04.29,12,11,9.7847614
2018.04.30,7,11,5.707778
2018.05.01,10,11,8.1539688
2018.05.02,9,11,7.3385715
2018.05.03,9,11,7.3385715
2018.05.04,8,11,6.5231748
2018.05.05,8,11,6.5231748
2018.05.06,6,11,4.8159375
2018.05.07,10,11,8.0265627
2018.05.08,9,11,7.2239065
2018.05.09,9,11,7.2239065
2018.05.10,7,11,5.6185937
2018.05.11,13,11,10.434531
2018.05.12,10,11,8.0265627
2018.05.13,7,10,5.6362071
2018.05.14,11,10,8.8568964
2018.05.15,9,10,7.246552
2018.05.16,6,10,4.8310347
2018.05.17,10,10,8.0517244
2018.05.18,9,10,7.246552
2018.05.19,6,10,4.8310347
2018.05.20,7,11,5.707778
2018.05.21,8,11,6.5231748
2018.05.22,11,11,8.9693651
2018.05.23,10,11,8.1539688
2018.05.24,11,11,8.9693651
2018.05.25,7,11,5.707778
2018.05.26,9,11,7.3385715
2018.05.27,7,8,5.9436364
2018.05.28,8,8,6.7927275
2018.05.29,6,8,5.0945454
2018.05.30,6,8,5.0945454
2018.05.31,5,8,4.2454543
2018.06.01,8,8,6.7927275
2018.06.02,4,8,3.3963637
2018.06.03,5,8,4.1511111
2018.06.04,6,8,4.9813337
2018.06.05,8,8,6.641778
2018.06.06,6,8,4.9813337
2018.06.07,8,8,6.641778
2018.06.08,5,8,4.1511111
2018.06.09,7,8,5.8115559
2018.06.10,6,7,4.9035006
2018.06.11,6,7,4.9035006
2018.06.12,5,7,4.0862503
2018.06.13,6,7,4.9035006
2018.06.14,7,7,5.7207499
2018.06.15,4,7,3.2690001
2018.06.16,6,7,4.9035006
2018.06.17,7,7,5.4483333
2018.06.18,6,7,4.6700001
2018.06.19,6,7,4.6700001
2018.06.20,3,7,2.335
2018.06.21,6,7,4.6700001
2018.06.22,7,7,5.4483333
2018.06.23,7,7,5.4483333
2018.06.24,4,7,3.1892681
2018.06.25,9,7,7.1758533
2018.06.26,7,7,5.5812197
2018.06.27,6,7,4.7839026
2018.06.28,7,7,5.5812197
2018.06.29,3,7,2.3919513
2018.06.30,5,7,3.9865851
2018.07.01,48,6,4.2833123
2018.07.02,56,6,4.9971976
2018.07.03,38,6,3.3909557
2018.07.04,59,6,5.2649045
2018.07.05,46,6,4.1048408
2018.07.06,39,6,3.480191
2018.07.07,28,6,2.4985988
2018.07.08,53,7,4.8395815
2018.07.09,32,7,2.9220114
2018.07.10,42,7,3.83514
2018.07.11,80,7,7.3050284
2018.07.12,52,7,4.7482686
2018.07.13,39,7,3.5612016
2018.07.14,60,7,5.4787712
2018.07.15,50,7,4.6172318
2018.07.16,58,7,5.355989
2018.07.17,49,7,4.5248871
2018.07.18,67,7,6.1870909
2018.07.19,31,7,2.8626835
2018.07.20,45,7,4.1555085
2018.07.21,54,7,4.9866099
2018.07.22,57,7,5.7510185
2018.07.23,24,7,2.4214816
2018.07.24,30,7,3.0268519
2018.07.25,57,7,5.7510185
2018.07.26,45,7,4.540278
2018.07.27,64,7,6.457284
2018.07.28,47,7,4.7420678
2018.07.29,41,6,4.0028572
2018.07.30,40,6,3.9052265
2018.07.31,55,6,5.3696866
2018.08.01,32,6,3.1241813
2018.08.02,45,6,4.3933797
2018.08.03,37,6,3.6123343
2018.08.04,37,6,3.6123343
2018.08.05,24,6,2.234153
2018.08.06,57,6,5.3061132
2018.08.07,54,6,5.026844
2018.08.08,33,6,3.0719604
2018.08.09,59,6,5.4922924
2018.08.10,19,6,1.7687044
2018.08.11,55,6,5.1199341
2018.08.12,38,7,3.642874
2018.08.13,61,7,5.8477716
2018.08.14,44,7,4.2180643
2018.08.15,49,7,4.6973901
2018.08.16,46,7,4.4097948
2018.08.17,43,7,4.1221995
2018.08.18,60,7,5.7519059
2018.08.19,58,7,5.5601759
2018.08.20,42,7,4.0263343
2018.08.21,63,7,6.0395017
2018.08.22,38,7,3.642874
2018.08.23,38,7,3.642874
2018.08.24,46,7,4.4097948
2018.08.25,56,7,5.3684459
2018.08.26,39,7,3.5512817
2018.08.27,43,7,3.9155157
2018.08.28,60,7,5.46351
2018.08.29,57,7,5.1903343
2018.08.30,55,7,5.0082178
2018.08.31,48,7,4.3708081
2018.09.01,57,7,5.1903343
2018.09.02,51,8,4.961875
2018.09.03,63,8,6.129375
2018.09.04,36,8,3.5025001
2018.09.05,43,8,4.1835418
2018.09.06,57,8,5.5456252
2018.09.07,82,8,7.9779167
2018.09.08,52,8,5.0591664
2018.09.09,45,7,4.2030001
2018.09.10,50,7,4.6700001
2018.09.11,52,7,4.8568001
2018.09.12,66,7,6.1644001
2018.09.13,57,7,5.3238001
2018.09.14,33,7,3.0822001
2018.09.15,47,7,4.3898001
2018.09.16,44,8,4.1934695
2018.09.17,30,8,2.859184
2018.09.18,61,8,5.813674
2018.09.19,83,8,7.910409
2018.09.20,57,8,5.4324493
2018.09.21,47,8,4.4793878
2018.09.22,70,8,6.6714287
2018.09.23,82,9,7.3018222
2018.09.24,57,9,5.0756569
2018.09.25,60,9,5.3427968
2018.09.26,64,9,5.6989832
2018.09.27,65,9,5.7880297
2018.09.28,54,9,4.808517
2018.09.29,90,9,8.0141945
2018.09.30,52,10,4.9864478
2018.10.01,58,10,5.5618072
2018.10.02,75,10,7.1919923
2018.10.03,93,10,8.9180698
2018.10.04,66,10,6.3289533
2018.10.05,79,10,7.5755649
2018.10.06,64,10,6.1371665
2018.10.07,42,8,3.962424
2018.10.08,61,8,5.7549496
2018.10.09,68,8,6.4153538
2018.10.10,44,8,4.1511111
2018.10.11,70,8,6.6040406
2018.10.12,52,8,4.9058585
2018.10.13,59,8,5.5662627
2018.10.14,53,9,4.8850656
2018.10.15,68,9,6.2676315
2018.10.16,59,9,5.4380922
2018.10.17,77,9,7.0971713
2018.10.18,68,9,6.2676315
2018.10.19,63,9,5.8067765
2018.10.20,68,9,6.2676315
2018.10.21,56,10,5.3590164
2018.10.22,92,10,8.8040981
2018.10.23,65,10,6.2202864
2018.10.24,68,10,6.5073771
2018.10.25,64,10,6.1245899
2018.10.26,52,10,4.9762292
2018.10.27,91,10,8.7084017
2018.10.28,64,10,5.781045
2018.10.29,79,10,7.1359773
2018.10.30,57,10,5.1487432
2018.10.31,66,10,5.9617023
2018.11.01,100,10,9.0328827
2018.11.02,72,10,6.5036755
2018.11.03,79,10,7.1359773
2018.11.04,68,9,6.4370275
2018.11.05,70,9,6.6263518
2018.11.06,75,9,7.0996628
2018.11.07,71,9,6.721014
2018.11.08,54,9,5.1117568
2018.11.09,50,9,4.7331085
2018.11.10,56,9,5.3010817
2018.11.11,52,9,4.978497
2018.11.12,85,9,8.1379271
2018.11.13,40,9,3.8296127
2018.11.14,74,9,7.0847836
2018.11.15,68,9,6.5103416
2018.11.16,61,9,5.8401594
2018.11.17,59,9,5.6486793
2018.11.18,26,7,2.6560626
2018.11.19,42,7,4.2905626
2018.11.20,40,7,4.0862503
2018.11.21,54,7,5.516438
2018.11.22,43,7,4.3927188
2018.11.23,56,7,5.7207499
2018.11.24,59,7,6.0272193
2018.11.25,55,8,4.8923812
2018.11.26,57,8,5.0702863
2018.11.27,60,8,5.3371429
2018.11.28,71,8,6.3156195
2018.11.29,46,8,4.0918097
2018.11.30,66,8,5.8708572
2018.12.01,65,8,5.7819052
2018.12.02,43,7,4.1960301
2018.12.03,45,7,4.3911939
2018.12.04,58,7,5.659761
2018.12.05,43,7,4.1960301
2018.12.06,57,7,5.5621786
2018.12.07,45,7,4.3911939
2018.12.08,44,7,4.293612
2018.12.09,51,8,4.7045927
2018.12.10,63,8,5.8115559
2018.12.11,48,8,4.4278517
2018.12.12,48,8,4.4278517
2018.12.13,64,8,5.9038024
2018.12.14,81,8,7.4720001
2018.12.15,50,8,4.6123457
2018.12.16,31,6,2.7144375
2018.12.17,37,6,3.2398124
2018.12.18,44,6,3.8527498
2018.12.19,39,6,3.4149373
2018.12.20,70,6,6.129375
2018.12.21,51,6,4.4656878
2018.12.22,48,6,4.2030001
2018.12.23,36,8,3.4310207
2018.12.24,76,8,7.2432661
2018.12.25,48,8,4.5746942
2018.12.26,68,8,6.4808168
2018.12.27,66,8,6.2902045
2018.12.28,44,8,4.1934695
2018.12.29,54,8,5.1465306
2018.12.30,5,8,4.9157901
2018.12.31,7,8,6.8821058
2019.01.01,6,8,5.8989477
2019.01.02,4,8,3.932632
2019.01.03,6,8,5.8989477
2019.01.04,5,8,4.9157901
2019.01.05,5,8,4.9157901
2019.01.06,4,9,4.0028572
2019.01.07,5,9,5.0035715
2019.01.08,8,9,8.0057144
2019.01.09,5,9,5.0035715
2019.01.10,5,9,5.0035715
2019.01.11,8,9,8.0057144
2019.01.12,7,9,7.0050001
2019.01.13,5,9,5.0035715
2019.01.14,6,9,6.0042858
2019.01.15,6,9,6.0042858
2019.01.16,6,9,6.0042858
2019.01.17,7,9,7.0050001
2019.01.18,6,9,6.0042858
2019.01.19,6,9,6.0042858
2019.01.20,7,12,6.8821054
2019.01.21,7,12,6.8821054
2019.01.22,7,12,6.8821054
2019.01.23,11,12,10.814736
2019.01.24,7,12,6.8821054
2019.01.25,10,12,9.8315792
2019.01.26,8,12,7.8652635
2019.01.27,7,13,7.0828342
2019.01.28,10,13,10.118335
2019.01.29,8,13,8.0946674
2019.01.30,10,13,10.118335
2019.01.31,7,13,7.0828342
2019.02.01,9,13,9.1065006
2019.02.02,9,13,9.1065006
2019.02.03,18,22,17.283365
2019.02.04,17,22,16.323179
2019.02.05,16,22,15.362991
2019.02.06,12,22,11.522243
2019.02.07,17,22,16.323179
2019.02.08,18,22,17.283365
2019.02.09,9,22,8.6416826
2019.02.10,13,28,12.499118
2019.02.11,15,28,14.422058
2019.02.12,24,28,23.075294
2019.02.13,21,28,20.190884
2019.02.14,22,28,21.152353
2019.02.15,19,28,18.267941
2019.02.16,22,28,21.152353
2019.02.17,21,65,20.968916
2019.02.18,32,65,31.952633
2019.02.19,30,65,29.955595
2019.02.20,48,65,47.928947
2019.02.21,52,65,51.923031
2019.02.22,52,65,51.923031
2019.02.23,69,65,68.897865
2019.02.24,59,100,59
2019.02.25,69,100,69
2019.02.26,100,100,100
2019.02.27,71,100,71
2019.02.28,49,100,49
2019.03.01,51,100,50.999996
2019.03.02,68,100,68
2019.03.03,61,98,60.426971
2019.03.04,46,98,45.567883
2019.03.05,69,98,68.351822
2019.03.06,70,98,69.342422
2019.03.07,49,98,48.5397
2019.03.08,75,98,74.295456
2019.03.09,92,98,91.135765
2019.03.10,83,93,84.818192
2019.03.11,66,93,67.445786
2019.03.12,57,93,58.248634
2019.03.13,72,93,73.577225
2019.03.14,62,93,63.358162
2019.03.15,48,93,49.051483
2019.03.16,37,93,37.810516
2019.03.17,46,62,45.148617
2019.03.18,42,62,41.222649
2019.03.19,39,62,38.278172
2019.03.20,41,62,40.241154
2019.03.21,41,62,40.241154
2019.03.22,50,62,49.074581
2019.03.23,36,62,35.333698
2019.03.24,36,43,36.145802
2019.03.25,32,43,32.129601
2019.03.26,26,43,26.105301
2019.03.27,29,43,29.117451
2019.03.28,31,43,31.125549
2019.03.29,27,43,27.10935
2019.03.30,19,43,19.07695
2019.03.31,19,26,18.909674
2019.04.01,15,26,14.928688
2019.04.02,15,26,14.928688
2019.04.03,12,26,11.942951
2019.04.04,16,26,15.923935
2019.04.05,19,26,18.909674
2019.04.06,26,26,25.876394
2019.04.07,23,24,23.01643
2019.04.08,24,24,24.017143
2019.04.09,18,24,18.012857
2019.04.10,12,24,12.008572
2019.04.11,13,24,13.009286
2019.04.12,11,24,11.007857
2019.04.13,11,24,11.007857
2019.04.14,10,16,10.097298
2019.04.15,12,16,12.116757
2019.04.16,13,16,13.126488
2019.04.17,10,16,10.097298
2019.04.18,9,16,9.0875683
2019.04.19,10,16,10.097298
2019.04.20,10,16,10.097298
2019.04.21,9,14,9.1940622
2019.04.22,9,14,9.1940622
2019.04.23,9,14,9.1940622
2019.04.24,10,14,10.215625
2019.04.25,7,14,7.1509371
2019.04.26,11,14,11.237186
2019.04.27,9,14,9.1940622
2019.04.28,9,12,9.6992321
2019.04.29,6,12,6.4661546
2019.04.30,9,12,9.6992321
2019.05.01,7,12,7.5438466
2019.05.02,7,12,7.5438466
2019.05.03,8,12,8.6215391
2019.05.04,6,12,6.4661546
2019.05.05,7,12,7.0050001
2019.05.06,6,12,6.0042858
2019.05.07,10,12,10.007143
2019.05.08,6,12,6.0042858
2019.05.09,10,12,10.007143
2019.05.10,10,12,10.007143
2019.05.11,7,12,7.0050001
2019.05.12,6,10,6.0913048
2019.05.13,8,10,8.1217394
2019.05.14,6,10,6.0913048
2019.05.15,8,10,8.1217394
2019.05.16,7,10,7.1065221
2019.05.17,5,10,5.076087
2019.05.18,6,10,6.0913048
2019.05.19,6,10,6.3681822
2019.05.20,7,10,7.4295459
2019.05.21,8,10,8.4909096
2019.05.22,7,10,7.4295459
2019.05.23,5,10,5.3068185
2019.05.24,5,10,5.3068185
2019.05.25,6,10,6.3681822
2019.05.26,7,10,7.2644448
2019.05.27,7,10,7.2644448
2019.05.28,6,10,6.2266674
2019.05.29,8,10,8.3022223
2019.05.30,6,10,6.2266674
2019.05.31,5,10,5.188889
2019.06.01,6,10,6.2266674
2019.06.02,6,9,6.3045001
2019.06.03,7,9,7.3552499
2019.06.04,5,9,5.2537498
2019.06.05,5,9,5.2537498
2019.06.06,7,9,7.3552499
2019.06.07,5,9,5.2537498
2019.06.08,5,9,5.2537498
2019.06.09,4,7,4.0862498
2019.06.10,6,7,6.1293745
2019.06.11,5,7,5.1078124
2019.06.12,5,7,5.1078124
2019.06.13,4,7,4.0862498
2019.06.14,3,7,3.0646873
2019.06.15,5,7,5.1078124
2019.06.16,5,6,5.0035715
2019.06.17,5,6,5.0035715
2019.06.18,4,6,4.0028572
2019.06.19,4,6,4.0028572
2019.06.20,4,6,4.0028572
2019.06.21,4,6,4.0028572
2019.06.22,2,6,2.0014286
2019.06.23,4,7,3.8458824
2019.06.24,5,7,4.807353
2019.06.25,6,7,5.7688236
2019.06.26,5,7,4.807353
2019.06.27,4,7,3.8458824
2019.06.28,5,7,4.807353
2019.06.29,5,7,4.807353
2019.06.30,4,7,4.2180648
2019.07.01,5,7,5.2725811
2019.07.02,4,7,4.2180648
2019.07.03,4,7,4.2180648
2019.07.04,4,7,4.2180648
2019.07.05,6,7,6.3270974
2019.07.06,4,7,4.2180648
2019.07.07,55,6,4.8462267
2019.07.08,40,6,3.5245285
2019.07.09,50,6,4.4056606
2019.07.10,64,6,5.6392455
2019.07.11,23,6,2.0266039
2019.07.12,48,6,4.229434
2019.07.13,38,6,3.3483021
2019.07.14,40,5,3.5648856
2019.07.15,38,5,3.3866413
2019.07.16,37,5,3.2975194
2019.07.17,33,5,2.9410307
2019.07.18,36,5,3.2083974
2019.07.19,36,5,3.2083974
2019.07.20,42,5,3.74313
2019.07.21,40,7,3.5726776
2019.07.22,60,7,5.3590169
2019.07.23,61,7,5.4483337
2019.07.24,49,7,4.3765302
2019.07.25,52,7,4.6444812
2019.07.26,47,7,4.1978965
2019.07.27,57,7,5.0910654
2019.07.28,37,7,3.6322224
2019.07.29,50,7,4.9084086
2019.07.30,34,7,3.337718
2019.07.31,59,7,5.7919221
2019.08.01,50,7,4.9084086
2019.08.02,59,7,5.7919221
2019.08.03,44,7,4.3193994
2019.08.04,42,6,3.9097679
2019.08.05,41,6,3.816678
2019.08.06,28,6,2.6065118
2019.08.07,56,6,5.2130237
2019.08.08,58,6,5.3992028
2019.08.09,33,6,3.0719604
2019.08.10,43,6,4.0028577
2019.08.11,61,8,5.8887858
2019.08.12,68,8,6.5645485
2019.08.13,47,8,4.5372615
2019.08.14,21,8,2.027287
2019.08.15,75,8,7.2403107
2019.08.16,71,8,6.8541613
2019.08.17,44,8,4.2476487
2019.08.18,29,7,2.5213034
2019.08.19,55,7,4.7817817
2019.08.20,53,7,4.6078992
2019.08.21,46,7,3.9993086
2019.08.22,33,7,2.8690691
2019.08.23,84,7,7.3030853
2019.08.24,76,7,6.607553
2019.08.25,46,8,4.498848
2019.08.26,67,8,6.55267
2019.08.27,59,8,5.7702613
2019.08.28,53,8,5.183455
2019.08.29,61,8,5.9658637
2019.08.30,57,8,5.5746593
2019.08.31,39,8,3.8142407
2019.09.01,43,8,3.8158672
2019.09.02,59,8,5.2357249
2019.09.03,55,8,4.8807602
2019.09.04,72,8,6.389359
2019.09.05,56,8,4.9695015
2019.09.06,74,8,6.5668411
2019.09.07,62,8,5.5019484
2019.09.08,57,8,5.3238001
2019.09.09,49,8,4.5766001
2019.09.10,55,8,5.1370001
2019.09.11,60,8,5.6040001
2019.09.12,54,8,5.0436001
2019.09.13,57,8,5.3238001
2019.09.14,68,8,6.3512006
2019.09.15,70,9,6.7324948
2019.09.16,58,9,5.5783534
2019.09.17,63,9,6.0592451
2019.09.18,51,9,4.9051032
2019.09.19,62,9,5.9630671
2019.09.20,89,9,8.5598869
2019.09.21,44,9,4.231854
2019.09.22,66,9,6.056725
2019.09.23,58,9,5.3225765
2019.09.24,66,9,6.056725
2019.09.25,63,9,5.7814198
2019.09.26,86,9,7.8920965
2019.09.27,71,9,6.5155678
2019.09.28,48,9,4.404891
2019.09.29,44,9,4.1934695
2019.09.30,76,9,7.2432661
2019.10.01,61,9,5.813674
2019.10.02,68,9,6.4808168
2019.10.03,64,9,6.0995922
2019.10.04,51,9,4.8606124
2019.10.05,77,9,7.3385725
2019.10.06,59,8,5.2607164
2019.10.07,64,8,5.7065396
2019.10.08,63,8,5.6173749
2019.10.09,71,8,6.3306928
2019.10.10,67,8,5.9740334
2019.10.11,56,8,4.9932222
2019.10.12,39,8,3.4774225
2019.10.13,57,8,5.1562228
2019.10.14,67,8,6.060823
2019.10.15,58,8,5.2466826
2019.10.16,64,8,5.7894435
2019.10.17,44,8,3.9802423
2019.10.18,60,8,5.4276032
2019.10.19,63,8,5.6989832
2019.10.20,40,9,3.8471401
2019.10.21,58,9,5.5783534
2019.10.22,69,9,6.6363168
2019.10.23,64,9,6.1554241
2019.10.24,76,9,7.309566
2019.10.25,61,9,5.8668885
2019.10.26,69,9,6.6363168
2019.10.27,26,9,2.2624846
2019.10.28,73,9,6.3523602
2019.10.29,78,9,6.7874537
2019.10.30,59,9,5.1340995
2019.10.31,63,9,5.4821739
2019.11.01,94,9,8.1797514
2019.11.02,90,9,7.831677
2019.11.03,54,9,5.0101991
2019.11.04,67,9,6.2163577
2019.11.05,78,9,7.2369537
2019.11.06,89,9,8.2575502
2019.11.07,46,9,4.2679472
2019.11.08,58,9,5.3813248
2019.11.09,61,9,5.6596694
2019.11.10,56,9,4.9971976
2019.11.11,56,9,4.9971976
2019.11.12,73,9,6.5142045
2019.11.13,91,9,8.1204462
2019.11.14,62,9,5.5326114
2019.11.15,91,9,8.1204462
2019.11.16,42,9,3.7478983
2019.11.17,73,9,6.3920627
2019.11.18,84,9,7.3552508
2019.11.19,69,9,6.0418129
2019.11.20,82,9,7.1801257
2019.11.21,55,9,4.815938
2019.11.22,87,9,7.617938
2019.11.23,30,9,2.6268752
2019.11.24,49,10,4.540278
2019.11.25,81,10,7.5053582
2019.11.26,71,10,6.5787702
2019.11.27,76,10,7.0420642
2019.11.28,73,10,6.7640877
2019.11.29,81,10,7.5053582
2019.11.30,73,10,6.7640877
2019.12.01,63,10,5.8144269
2019.12.02,82,10,7.5679846
2019.12.03,61,10,5.6298418
2019.12.04,64,10,5.9067197
2019.12.05,100,10,9.229249
2019.12.06,64,10,5.9067197
2019.12.07,72,10,6.6450591
2019.12.08,71,8,6.5173469
2019.12.09,75,8,6.884521
2019.12.10,62,8,5.6912041
2019.12.11,40,8,3.6717446
2019.12.12,49,8,4.4978871
2019.12.13,61,8,5.5994105
2019.12.14,49,8,4.4978871
2019.12.15,59,7,5.2841372
2019.12.16,68,7,6.0901918
2019.12.17,39,7,3.4929039
2019.12.18,79,7,7.0753698
2019.12.19,50,7,4.4780822
2019.12.20,44,7,3.9407125
2019.12.21,26,7,2.3286028
2019.12.22,46,8,4.1113877
2019.12.23,55,8,4.9157896
2019.12.24,58,8,5.1839232
2019.12.25,56,8,5.0051675
2019.12.26,74,8,6.6139717
2019.12.27,35,8,3.1282296
2019.12.28,94,8,8.4015312
2019.12.29,41,6,3.5457406
2019.12.30,51,6,4.4105558
2019.12.31,50,6,4.3240743
2020.01.01,34,6,2.9403703
2020.01.02,54,6,4.6700001
2020.01.03,44,6,3.8051851
2020.01.04,50,6,4.3240743
