date,raw_daily,raw_weekly,mask_harmonized_daily
2015.12.27,56,43,46.765121
2015.12.28,50,43,41.754574
2015.12.29,48,43,40.084389
2015.12.30,49,43,40.919483
2015.12.31,36,43,30.063293
2016.01.01,42,43,35.073841
2016.01.02,47,43,39.249298
2016.01.03,43,51,36.473652
2016.01.04,60,51,50.893471
2016.01.05,56,51,47.500572
2016.01.06,59,51,50.045242
2016.01.07,58,51,49.197018
2016.01.08,57,51,48.348797
2016.01.09,50,51,42.411224
2016.01.10,55,54,45.697826
2016.01.11,54,54,44.866955
2016.01.12,61,54,50.683041
2016.01.13,68,54,56.49913
2016.01.14,62,54,51.513912
2016.01.15,55,54,45.697826
2016.01.16,59,54,49.021305
2016.01.17,52,55,43.899273
2016.01.18,60,55,50.653011
2016.01.19,64,55,54.029877
2016.01.20,62,55,52.341442
2016.01.21,58,55,48.964577
2016.01.22,61,55,51.497227
2016.01.23,58,55,48.964577
2016.01.24,66,60,54.956863
2016.01.25,69,60,57.454903
2016.01.26,71,60,59.120262
2016.01.27,69,60,57.454903
2016.01.28,64,60,53.2915
2016.01.29,59,60,49.128101
2016.01.30,61,60,50.793461
2016.01.31,63,65,54.344059
2016.02.01,72,65,62.107498
2016.02.02,66,65,56.931873
2016.02.03,66,65,56.931873
2016.02.04,71,65,61.244896
2016.02.05,71,65,61.244896
2016.02.06,71,65,61.244896
2016.02.07,77,61,62.593914
2016.02.08,67,61,54.464832
2016.02.09,71,61,57.716465
2016.02.10,71,61,57.716465
2016.02.11,68,61,55.27774
2016.02.12,64,61,52.026108
2016.02.13,60,61,48.774475
2016.02.14,69,63,54.832451
2016.02.15,72,63,57.216469
2016.02.16,75,63,59.600491
2016.02.17,76,63,60.395164
2016.02.18,75,63,59.600491
2016.02.19,69,63,54.832451
2016.02.20,69,63,54.832451
2016.02.21,64,62,52.115791
2016.02.22,72,62,58.630264
2016.02.23,79,62,64.330437
2016.02.24,68,62,55.373028
2016.02.25,80,62,65.144745
2016.02.26,65,62,52.930099
2016.02.27,57,62,46.41563
2016.02.28,66,63,55.878605
2016.02.29,63,63,53.338669
2016.03.01,70,63,59.265186
2016.03.02,67,63,56.72525
2016.03.03,72,63,60.958481
2016.03.04,72,63,60.958481
2016.03.05,64,63,54.185314
2016.03.06,74,62,60.633942
2016.03.07,77,62,63.092075
2016.03.08,70,62,57.356434
2016.03.09,67,62,54.8983
2016.03.10,71,62,58.175812
2016.03.11,60,62,49.162655
2016.03.12,63,62,51.620792
2016.03.13,65,58,53.01302
2016.03.14,68,58,55.459774
2016.03.15,66,58,53.828606
2016.03.16,74,58,60.353287
2016.03.17,66,58,53.828606
2016.03.18,61,58,49.750683
2016.03.19,53,58,43.226002
2016.03.20,54,52,44.494923
2016.03.21,60,52,49.438805
2016.03.22,64,52,52.734726
2016.03.23,54,52,44.494923
2016.03.24,58,52,47.790844
2016.03.25,59,52,48.614826
2016.03.26,53,52,43.670944
2016.03.27,56,47,47.361126
2016.03.28,55,47,46.515392
2016.03.29,53,47,44.823925
2016.03.30,56,47,47.361126
2016.03.31,44,47,37.212315
2016.04.01,45,47,38.058048
2016.04.02,45,47,38.058048
2016.04.03,51,47,42.531727
2016.04.04,48,47,40.029861
2016.04.05,55,47,45.86755
2016.04.06,51,47,42.531727
2016.04.07,54,47,45.033596
2016.04.08,50,47,41.697769
2016.04.09,50,47,41.697769
2016.04.10,56,47,46.314472
2016.04.11,54,47,44.660385
2016.04.12,55,47,45.487427
2016.04.13,61,47,50.449692
2016.04.14,45,47,37.216988
2016.04.15,45,47,37.216988
2016.04.16,46,47,38.044033
2016.04.17,52,44,42.00161
2016.04.18,55,44,44.424782
2016.04.19,50,44,40.386166
2016.04.20,51,44,41.193886
2016.04.21,44,44,35.539825
2016.04.22,46,44,37.155273
2016.04.23,49,44,39.578442
2016.04.24,54,46,45.079998
2016.04.25,55,46,45.914814
2016.04.26,52,46,43.41037
2016.04.27,50,46,41.740738
2016.04.28,47,46,39.236294
2016.04.29,47,46,39.236294
2016.04.30,46,46,38.401478
2016.05.01,44,41,36.36544
2016.05.02,41,41,33.885983
2016.05.03,49,41,40.497879
2016.05.04,40,41,33.05949
2016.05.05,45,41,37.191929
2016.05.06,49,41,40.497879
2016.05.07,48,41,39.671391
2016.05.08,47,45,38.825787
2016.05.09,52,45,42.956192
2016.05.10,55,45,45.434433
2016.05.11,49,45,40.477951
2016.05.12,56,45,46.260513
2016.05.13,47,45,38.825787
2016.05.14,41,45,33.869305
2016.05.15,46,44,38.257801
2016.05.16,49,44,40.752876
2016.05.17,54,44,44.911335
2016.05.18,53,44,44.079639
2016.05.19,43,44,35.762726
2016.05.20,46,44,38.257801
2016.05.21,46,44,38.257801
2016.05.22,47,43,38.314789
2016.05.23,45,43,36.684372
2016.05.24,46,43,37.49958
2016.05.25,54,43,44.021248
2016.05.26,50,43,40.760414
2016.05.27,41,43,33.423538
2016.05.28,53,43,43.206039
2016.05.29,50,45,41.664246
2016.05.30,52,45,43.330814
2016.05.31,42,45,34.997967
2016.06.01,47,45,39.164391
2016.06.02,56,45,46.663952
2016.06.03,50,45,41.664246
2016.06.04,47,45,39.164391
2016.06.05,44,49,36.721176
2016.06.06,55,49,45.90147
2016.06.07,61,49,50.908905
2016.06.08,56,49,46.736042
2016.06.09,51,49,42.563179
2016.06.10,46,49,38.39032
2016.06.11,61,49,50.908905
2016.06.12,56,45,45.863995
2016.06.13,53,45,43.406994
2016.06.14,48,45,39.311996
2016.06.15,52,45,42.587997
2016.06.16,51,45,41.768997
2016.06.17,47,45,38.492996
2016.06.18,43,45,35.216999
2016.06.19,43,41,35.204731
2016.06.20,44,41,36.023449
2016.06.21,53,41,43.391876
2016.06.22,46,41,37.660873
2016.06.23,50,41,40.935734
2016.06.24,42,41,34.386017
2016.06.25,41,41,33.567303
2016.06.26,100,53,83.155167
2016.06.27,66,53,54.882412
2016.06.28,48,53,39.914482
2016.06.29,55,53,45.735344
2016.06.30,49,53,40.746033
2016.07.01,46,53,38.251377
2016.07.02,42,53,34.925171
2016.07.03,50,42,38.439651
2016.07.04,50,42,38.439651
2016.07.05,52,42,39.977238
2016.07.06,50,42,38.439651
2016.07.07,52,42,39.977238
2016.07.08,50,42,38.439651
2016.07.09,44,42,33.826893
2016.07.10,43,38,33.360832
2016.07.11,54,38,41.894997
2016.07.12,43,38,33.360832
2016.07.13,44,38,34.136665
2016.07.14,41,38,31.809166
2016.07.15,46,38,35.688332
2016.07.16,41,38,31.809166
2016.07.17,42,39,33.229488
2016.07.18,45,39,35.603024
2016.07.19,42,39,33.229488
2016.07.20,49,39,38.767735
2016.07.21,50,39,39.558914
2016.07.22,47,39,37.185379
2016.07.23,39,39,30.855953
2016.07.24,40,36,29.878828
2016.07.25,42,36,31.372768
2016.07.26,44,36,32.866711
2016.07.27,41,36,30.625797
2016.07.28,49,36,36.601563
2016.07.29,46,36,34.360649
2016.07.30,45,36,33.613678
2016.07.31,46,38,35.57431
2016.08.01,43,38,33.254246
2016.08.02,50,38,38.667728
2016.08.03,46,38,35.57431
2016.08.04,44,38,34.027603
2016.08.05,47,38,36.347664
2016.08.06,37,38,28.614119
2016.08.07,40,35,30.85813
2016.08.08,41,35,31.629583
2016.08.09,50,35,38.572666
2016.08.10,44,35,33.943947
2016.08.11,40,35,30.85813
2016.08.12,34,35,26.229412
2016.08.13,40,35,30.85813
2016.08.14,43,36,32.015453
2016.08.15,41,36,30.526363
2016.08.16,46,36,34.249088
2016.08.17,46,36,34.249088
2016.08.18,44,36,32.759998
2016.08.19,46,36,34.249088
2016.08.20,42,36,31.270908
2016.08.21,36,38,28.477646
2016.08.22,40,38,31.641827
2016.08.23,45,38,35.597061
2016.08.24,46,38,36.388103
2016.08.25,47,38,37.17915
2016.08.26,42,38,33.223919
2016.08.27,50,38,39.552288
2016.08.28,45,43,35.72739
2016.08.29,53,43,42.078926
2016.08.30,55,43,43.666809
2016.08.31,49,43,38.903156
2016.09.01,52,43,41.284985
2016.09.02,50,43,39.697098
2016.09.03,41,43,32.551624
2016.09.04,52,46,39.992233
2016.09.05,58,46,44.60672
2016.09.06,55,46,42.299473
2016.09.07,57,46,43.837639
2016.09.08,50,46,38.454071
2016.09.09,58,46,44.60672
2016.09.10,51,46,39.223148
2016.09.11,55,44,42.466663
2016.09.12,57,44,44.010906
2016.09.13,48,44,37.061817
2016.09.14,57,44,44.010906
2016.09.15,53,44,40.922421
2016.09.16,46,44,35.51757
2016.09.17,47,44,36.289696
2016.09.18,48,45,36.887936
2016.09.19,42,45,32.276943
2016.09.20,55,45,42.267426
2016.09.21,53,45,40.730431
2016.09.22,52,45,39.961929
2016.09.23,56,45,43.035927
2016.09.24,67,45,51.48941
2016.09.25,51,50,40.608749
2016.09.26,50,50,39.8125
2016.09.27,59,50,46.978748
2016.09.28,58,50,46.182499
2016.09.29,60,50,47.774998
2016.09.30,58,50,46.182499
2016.10.01,64,50,50.959999
2016.10.02,70,53,54.959763
2016.10.03,59,53,46.323231
2016.10.04,61,53,47.893513
2016.10.05,65,53,51.034065
2016.10.06,56,53,43.967815
2016.10.07,60,53,47.108368
2016.10.08,59,53,46.323231
2016.10.09,60,59,46.978752
2016.10.10,74,59,57.94046
2016.10.11,75,59,58.723434
2016.10.12,71,59,55.591522
2016.10.13,61,59,47.76173
2016.10.14,62,59,48.544708
2016.10.15,77,59,60.289402
2016.10.16,71,57,57.03405
2016.10.17,63,57,50.607677
2016.10.18,67,57,53.820866
2016.10.19,69,57,55.427456
2016.10.20,66,57,53.017567
2016.10.21,53,57,42.574715
2016.10.22,63,57,50.607677
2016.10.23,82,56,59.093006
2016.10.24,76,56,54.769127
2016.10.25,65,56,46.842018
2016.10.26,67,56,48.28331
2016.10.27,70,56,50.445248
2016.10.28,73,56,52.607189
2016.10.29,62,56,44.680077
2016.10.30,74,60,55.565418
2016.10.31,76,60,57.067188
2016.11.01,72,60,54.063648
2016.11.02,70,60,52.561886
2016.11.03,73,60,54.814537
2016.11.04,68,60,51.060116
2016.11.05,76,60,57.067188
2016.11.06,80,76,61.0877
2016.11.07,81,76,61.851295
2016.11.08,93,76,71.01445
2016.11.09,96,76,73.305237
2016.11.10,100,76,76.359619
2016.11.11,95,76,72.541641
2016.11.12,89,76,67.96006
2016.11.13,86,71,66.487556
2016.11.14,86,71,66.487556
2016.11.15,93,71,71.89933
2016.11.16,87,71,67.260666
2016.11.17,81,71,62.621998
2016.11.18,78,71,60.30267
2016.11.19,74,71,57.21022
2016.11.20,81,65,62.454468
2016.11.21,80,65,61.683422
2016.11.22,73,65,56.286125
2016.11.23,75,65,57.828209
2016.11.24,77,65,59.370296
2016.11.25,79,65,60.91238
2016.11.26,72,65,55.515079
2016.11.27,83,67,62.9193
2016.11.28,79,67,59.887047
2016.11.29,87,67,65.951561
2016.11.30,82,67,62.161236
2016.12.01,87,67,65.951561
2016.12.02,75,67,56.85479
2016.12.03,70,67,53.064472
2016.12.04,77,71,59.326733
2016.12.05,85,71,65.490547
2016.12.06,86,71,66.261024
2016.12.07,100,71,77.047707
2016.12.08,90,71,69.342934
2016.12.09,73,71,56.244823
2016.12.10,76,71,58.556255
2016.12.11,73,62,54.192894
2016.12.12,81,62,60.13184
2016.12.13,80,62,59.389465
2016.12.14,72,62,53.450523
2016.12.15,77,62,57.162365
2016.12.16,80,62,59.389465
2016.12.17,69,62,51.223419
2016.12.18,70,65,56.278641
2016.12.19,78,65,62.710484
2016.12.20,76,65,61.10252
2016.12.21,89,65,71.554268
2016.12.22,72,65,57.8866
2016.12.23,71,65,57.082623
2016.12.24,59,65,47.434853
2016.12.25,67,58,50.829197
2016.12.26,72,58,54.622421
2016.12.27,74,58,56.139709
2016.12.28,69,58,52.346485
2016.12.29,72,58,54.622421
2016.12.30,63,58,47.794617
2016.12.31,70,58,53.105129
2017.01.01,57,60,43.397205
2017.01.02,62,60,47.203983
2017.01.03,71,60,54.056171
2017.01.04,84,60,63.953781
2017.01.05,82,60,62.431072
2017.01.06,77,60,58.624298
2017.01.07,69,60,52.533463
2017.01.08,71,65,53.645161
2017.01.09,77,65,58.178558
2017.01.10,79,65,59.689686
2017.01.11,86,65,64.978653
2017.01.12,78,65,58.93412
2017.01.13,78,65,58.93412
2017.01.14,79,65,59.689686
2017.01.15,72,68,58.844372
2017.01.16,76,68,62.113503
2017.01.17,84,68,68.651764
2017.01.18,80,68,65.382637
2017.01.19,78,68,63.74807
2017.01.20,70,68,57.209808
2017.01.21,70,68,57.209808
2017.01.22,81,71,61.67318
2017.01.23,88,71,67.00296
2017.01.24,88,71,67.00296
2017.01.25,89,71,67.764359
2017.01.26,84,71,63.957371
2017.01.27,80,71,60.911781
2017.01.28,84,71,63.957371
2017.01.29,85,72,66.868614
2017.01.30,79,72,62.148476
2017.01.31,85,72,66.868614
2017.02.01,87,72,68.441994
2017.02.02,83,72,65.295235
2017.02.03,81,72,63.721855
2017.02.04,83,72,65.295235
2017.02.05,85,67,62.118404
2017.02.06,91,67,66.503227
2017.02.07,100,67,73.080475
2017.02.08,92,67,67.234039
2017.02.09,74,67,54.079552
2017.02.10,75,67,54.810356
2017.02.11,67,67,48.963921
2017.02.12,67,68,53.545605
2017.02.13,76,68,60.738297
2017.02.14,93,68,74.324501
2017.02.15,74,68,59.139923
2017.02.16,85,68,67.930992
2017.02.17,74,68,59.139923
2017.02.18,73,68,58.340736
2017.02.19,70,67,57.674324
2017.02.20,76,67,62.61784
2017.02.21,80,67,65.913513
2017.02.22,71,67,58.498241
2017.02.23,75,67,61.793915
2017.02.24,73,67,60.14608
2017.02.25,73,67,60.14608
2017.02.26,71,62,55.636387
2017.02.27,70,62,54.852776
2017.02.28,74,62,57.987221
2017.03.01,75,62,58.770832
2017.03.02,76,62,59.55444
2017.03.03,69,62,54.069164
2017.03.04,69,62,54.069164
2017.03.05,81,62,63.346806
2017.03.06,83,62,64.910927
2017.03.07,67,62,52.397972
2017.03.08,68,62,53.180031
2017.03.09,76,62,59.436512
2017.03.10,66,62,51.615913
2017.03.11,64,62,50.051796
2017.03.12,85,65,68.338348
2017.03.13,78,65,62.710484
2017.03.14,72,65,57.8866
2017.03.15,73,65,58.690582
2017.03.16,71,65,57.082623
2017.03.17,70,65,56.278641
2017.03.18,66,65,53.062717
2017.03.19,68,65,60.54924
2017.03.20,69,65,61.439674
2017.03.21,74,65,65.891823
2017.03.22,62,65,55.206661
2017.03.23,61,65,54.316235
2017.03.24,67,65,59.65881
2017.03.25,64,65,56.987522
2017.03.26,53,52,41.89909
2017.03.27,59,52,46.642387
2017.03.28,65,52,51.385677
2017.03.29,63,52,49.804581
2017.03.30,68,52,53.757324
2017.03.31,57,52,45.061287
2017.04.01,54,52,42.68964
2017.04.02,62,50,49.367496
2017.04.03,59,50,46.978748
2017.04.04,61,50,48.571247
2017.04.05,61,50,48.571247
2017.04.06,53,50,42.201248
2017.04.07,53,50,42.201248
2017.04.08,51,50,40.608749
2017.04.09,55,53,44.422367
2017.04.10,58,53,46.845402
2017.04.11,62,53,50.076118
2017.04.12,62,53,50.076118
2017.04.13,58,53,46.845402
2017.04.14,61,53,49.268444
2017.04.15,62,53,50.076118
2017.04.16,66,57,55.859997
2017.04.17,68,57,57.552723
2017.04.18,68,57,57.552723
2017.04.19,58,57,49.089088
2017.04.20,61,57,51.628178
2017.04.21,58,57,49.089088
2017.04.22,50,57,42.31818
2017.04.23,63,51,51.814709
2017.04.24,58,51,47.702431
2017.04.25,58,51,47.702431
2017.04.26,53,51,43.590153
2017.04.27,60,51,49.347343
2017.04.28,49,51,40.300331
2017.04.29,54,51,44.412609
2017.04.30,55,45,44.285812
2017.05.01,58,45,46.701401
2017.05.02,50,45,40.259827
2017.05.03,47,45,37.844238
2017.05.04,47,45,37.844238
2017.05.05,46,45,37.039043
2017.05.06,53,45,42.675419
2017.05.07,54,52,44.494923
2017.05.08,65,52,53.558704
2017.05.09,65,52,53.558704
2017.05.10,52,52,42.846962
2017.05.11,56,52,46.142883
2017.05.12,51,52,42.022984
2017.05.13,59,52,48.614826
2017.05.14,58,50,47.005089
2017.05.15,54,50,43.763355
2017.05.16,60,50,48.625954
2017.05.17,58,50,47.005089
2017.05.18,54,50,43.763355
2017.05.19,53,50,42.952927
2017.05.20,56,50,45.38422
2017.05.21,51,46,40.280373
2017.05.22,55,46,43.439621
2017.05.23,55,46,43.439621
2017.05.24,56,46,44.229431
2017.05.25,57,46,45.019245
2017.05.26,51,46,40.280373
2017.05.27,46,46,36.331318
2017.05.28,61,50,49.689255
2017.05.29,57,50,46.430946
2017.05.30,55,50,44.801788
2017.05.31,49,50,39.914322
2017.06.01,60,50,48.874676
2017.06.02,54,50,43.987209
2017.06.03,55,50,44.801788
2017.06.04,49,48,40.82354
2017.06.05,57,48,47.488609
2017.06.06,54,48,44.989208
2017.06.07,50,48,41.656673
2017.06.08,55,48,45.822342
2017.06.09,51,48,42.489807
2017.06.10,51,48,42.489807
2017.06.11,53,49,43.080444
2017.06.12,61,49,49.583149
2017.06.13,61,49,49.583149
2017.06.14,58,49,47.144634
2017.06.15,51,49,41.454765
2017.06.16,51,49,41.454765
2017.06.17,49,49,39.82909
2017.06.18,54,45,44.737286
2017.06.19,54,45,44.737286
2017.06.20,48,45,39.766476
2017.06.21,51,45,42.251877
2017.06.22,47,45,38.938007
2017.06.23,47,45,38.938007
2017.06.24,45,45,37.281071
2017.06.25,53,45,44.036083
2017.06.26,48,45,39.881737
2017.06.27,51,45,42.374348
2017.06.28,50,45,41.54348
2017.06.29,51,45,42.374348
2017.06.30,51,45,42.374348
2017.07.01,41,45,34.065651
2017.07.02,59,41,37.767227
2017.07.03,60,41,38.407352
2017.07.04,51,41,32.646248
2017.07.05,63,41,40.327721
2017.07.06,63,41,40.327721
2017.07.07,56,41,35.846863
2017.07.08,56,41,35.846863
2017.07.09,54,40,34.833416
2017.07.10,62,40,39.993923
2017.07.11,55,40,35.478481
2017.07.12,55,40,35.478481
2017.07.13,63,40,40.638985
2017.07.14,59,40,38.058731
2017.07.15,47,40,30.317974
2017.07.16,60,40,37.74815
2017.07.17,55,40,34.60247
2017.07.18,60,40,37.74815
2017.07.19,61,40,38.377285
2017.07.20,57,40,35.860737
2017.07.21,64,40,40.26469
2017.07.22,48,40,30.198517
2017.07.23,61,40,38.954384
2017.07.24,63,40,40.231575
2017.07.25,57,40,36.399998
2017.07.26,56,40,35.761402
2017.07.27,61,40,38.954384
2017.07.28,52,40,33.20702
2017.07.29,49,40,31.291225
2017.07.30,58,40,36.853867
2017.07.31,59,40,37.489277
2017.08.01,57,40,36.218456
2017.08.02,58,40,36.853867
2017.08.03,58,40,36.853867
2017.08.04,56,40,35.583042
2017.08.05,55,40,34.947632
2017.08.06,51,38,31.982019
2017.08.07,52,38,32.609119
2017.08.08,59,38,36.998806
2017.08.09,63,38,39.507202
2017.08.10,56,38,35.117508
2017.08.11,52,38,32.609119
2017.08.12,53,38,33.236217
2017.08.13,53,39,32.99947
2017.08.14,60,39,37.357895
2017.08.15,66,39,41.093681
2017.08.16,56,39,34.867367
2017.08.17,59,39,36.735264
2017.08.18,57,39,35.489998
2017.08.19,48,39,29.886314
2017.08.20,52,40,32.316097
2017.08.21,59,40,36.66634
2017.08.22,65,40,40.395119
2017.08.23,62,40,38.530731
2017.08.24,59,40,36.66634
2017.08.25,58,40,36.044876
2017.08.26,55,40,34.180485
2017.08.27,60,43,38.669647
2017.08.28,64,43,41.24762
2017.08.29,58,43,37.380653
2017.08.30,57,43,36.736164
2017.08.31,69,43,44.470089
2017.09.01,64,43,41.24762
2017.09.02,53,43,34.158184
2017.09.03,64,45,40.587612
2017.09.04,69,45,43.758518
2017.09.05,63,45,39.95343
2017.09.06,67,45,42.490158
2017.09.07,62,45,39.319248
2017.09.08,68,45,43.124336
2017.09.09,59,45,37.416706
2017.09.10,62,45,39.493996
2017.09.11,65,45,41.404999
2017.09.12,67,45,42.678997
2017.09.13,68,45,43.315998
2017.09.14,66,45,42.042
2017.09.15,61,45,38.856998
2017.09.16,61,45,38.856998
2017.09.17,64,47,40.854923
2017.09.18,65,47,41.493282
2017.09.19,68,47,43.408356
2017.09.20,70,47,44.685074
2017.09.21,74,47,47.238506
2017.09.22,66,47,42.131641
2017.09.23,62,47,39.578209
2017.09.24,67,49,42.162724
2017.09.25,71,49,44.679901
2017.09.26,69,49,43.42131
2017.09.27,70,49,44.050606
2017.09.28,69,49,43.42131
2017.09.29,78,49,49.084965
2017.09.30,72,49,45.309193
2017.10.01,64,51,41.171638
2017.10.02,69,51,44.388172
2017.10.03,74,51,47.604706
2017.10.04,71,51,45.674786
2017.10.05,80,51,51.46455
2017.10.06,81,51,52.107857
2017.10.07,66,51,42.458252
2017.10.08,63,48,40.638985
2017.10.09,66,48,42.574173
2017.10.10,63,48,40.638985
2017.10.11,74,48,47.73468
2017.10.12,72,48,46.444557
2017.10.13,70,48,45.15443
2017.10.14,66,48,42.574173
2017.10.15,77,53,48.590595
2017.10.16,86,53,54.270012
2017.10.17,79,53,49.852684
2017.10.18,75,53,47.328499
2017.10.19,76,53,47.959545
2017.10.20,74,53,46.697453
2017.10.21,68,53,42.911171
2017.10.22,61,53,39.004181
2017.10.23,77,53,49.234787
2017.10.24,80,53,51.153027
2017.10.25,83,53,53.071266
2017.10.26,79,53,50.513615
2017.10.27,73,53,46.677139
2017.10.28,75,53,47.955963
2017.10.29,86,60,57.970367
2017.10.30,83,60,55.948143
2017.10.31,90,60,60.66666
2017.11.01,91,60,61.340733
2017.11.02,71,60,47.859257
2017.11.03,73,60,49.207405
2017.11.04,73,60,49.207405
2017.11.05,77,62,51.894848
2017.11.06,91,62,61.330273
2017.11.07,86,62,57.960476
2017.11.08,90,62,60.656311
2017.11.09,82,62,55.264641
2017.11.10,81,62,54.590679
2017.11.11,79,62,53.242764
2017.11.12,78,59,50.02515
2017.11.13,92,59,59.004028
2017.11.14,78,59,50.02515
2017.11.15,90,59,57.721325
2017.11.16,88,59,56.438633
2017.11.17,74,59,47.459759
2017.11.18,86,59,55.155933
2017.11.19,87,60,55.884705
2017.11.20,91,60,58.454121
2017.11.21,96,60,61.665882
2017.11.22,83,60,53.315296
2017.11.23,85,60,54.599998
2017.11.24,76,60,48.818825
2017.11.25,77,60,49.461178
2017.11.26,71,59,45.535717
2017.11.27,98,59,62.852116
2017.11.28,89,59,57.079979
2017.11.29,90,59,57.721325
2017.11.30,79,59,50.666496
2017.12.01,79,59,50.666496
2017.12.02,80,59,51.307846
2017.12.03,86,61,53.638874
2017.12.04,89,61,55.509998
2017.12.05,94,61,58.62854
2017.12.06,99,61,61.747078
2017.12.07,90,61,56.133705
2017.12.08,89,61,55.509998
2017.12.09,76,61,47.401798
2017.12.10,87,68,61.576664
2017.12.11,85,68,60.161106
2017.12.12,97,68,68.654442
2017.12.13,94,68,66.531105
2017.12.14,88,68,62.284439
2017.12.15,83,68,58.745548
2017.12.16,78,68,55.206661
2017.12.17,82,63,51.019253
2017.12.18,91,63,56.618923
2017.12.19,96,63,59.729855
2017.12.20,98,63,60.974224
2017.12.21,100,63,62.218597
2017.12.22,84,63,52.263626
2017.12.23,94,63,58.485481
2017.12.24,78,56,51.336086
2017.12.25,86,56,56.601326
2017.12.26,81,56,53.310551
2017.12.27,86,56,56.601326
2017.12.28,74,56,48.703465
2017.12.29,73,56,48.045311
2017.12.30,64,56,42.121918
2017.12.31,52,52,41.404999
2018.01.01,51,52,40.608749
2018.01.02,57,52,45.38625
2018.01.03,59,52,46.978748
2018.01.04,63,52,50.16375
2018.01.05,73,52,58.126247
2018.01.06,61,52,48.571247
2018.01.07,69,63,50.437866
2018.01.08,70,63,51.16885
2018.01.09,76,63,55.554752
2018.01.10,93,63,67.981476
2018.01.11,85,63,62.133602
2018.01.12,74,63,54.092785
2018.01.13,82,63,59.940651
2018.01.14,76,72,58.191383
2018.01.15,83,72,63.551117
2018.01.16,96,72,73.504906
2018.01.17,82,72,62.785442
2018.01.18,88,72,67.379494
2018.01.19,82,72,62.785442
2018.01.20,92,72,70.442207
2018.01.21,85,73,65.116722
2018.01.22,85,73,65.116722
2018.01.23,96,73,73.543594
2018.01.24,83,73,63.58456
2018.01.25,91,73,69.713196
2018.01.26,85,73,65.116722
2018.01.27,82,73,62.818485
2018.01.28,88,74,65.531494
2018.01.29,98,74,72.978256
2018.01.30,100,74,74.467613
2018.01.31,88,74,65.531494
2018.02.01,85,74,63.297462
2018.02.02,89,74,66.276176
2018.02.03,85,74,63.297462
2018.02.04,90,70,64.107025
2018.02.05,92,70,65.531624
2018.02.06,84,70,59.833221
2018.02.07,99,70,70.517731
2018.02.08,97,70,69.093124
2018.02.09,82,70,58.408623
2018.02.10,82,70,58.408623
2018.02.11,84,66,64.68
2018.02.12,75,66,57.75
2018.02.13,74,66,56.98
2018.02.14,80,66,61.599998
2018.02.15,85,66,65.450005
2018.02.16,81,66,62.369995
2018.02.17,67,66,51.589996
2018.02.18,78,65,58.401264
2018.02.19,82,65,61.396198
2018.02.20,82,65,61.396198
2018.02.21,77,65,57.652527
2018.02.22,80,65,59.898731
2018.02.23,79,65,59.149998
2018.02.24,75,65,56.15506
2018.02.25,73,69,54.847332
2018.02.26,82,69,61.609333
2018.02.27,98,69,73.630661
2018.02.28,82,69,61.609333
2018.03.01,81,69,60.857998
2018.03.02,86,69,64.614662
2018.03.03,83,69,62.360664
2018.03.04,85,65,64.934036
2018.03.05,84,65,64.170105
2018.03.06,84,65,64.170105
2018.03.07,76,65,58.058666
2018.03.08,76,65,58.058666
2018.03.09,69,65,52.711163
2018.03.10,68,65,51.947227
2018.03.11,73,66,54.223782
2018.03.12,87,66,64.622864
2018.03.13,85,66,63.13728
2018.03.14,85,66,63.13728
2018.03.15,86,66,63.880074
2018.03.16,74,66,54.966572
2018.03.17,76,66,56.452152
2018.03.18,74,54,54.043568
2018.03.19,75,54,54.773888
2018.03.20,62,54,45.279747
2018.03.21,62,54,45.279747
2018.03.22,64,54,46.740383
2018.03.23,72,54,52.582932
2018.03.24,62,54,45.279747
2018.03.25,66,62,52.446758
2018.03.26,75,62,59.598591
2018.03.27,72,62,57.214649
2018.03.28,74,62,58.803944
2018.03.29,71,62,56.419998
2018.03.30,73,62,58.009293
2018.03.31,66,62,52.446758
2018.04.01,62,55,48.16341
2018.04.02,64,55,49.717068
2018.04.03,63,55,48.940243
2018.04.04,75,55,58.262188
2018.04.05,67,55,52.047554
2018.04.06,61,55,47.386581
2018.04.07,59,55,45.832924
2018.04.08,59,53,46.431213
2018.04.09,59,53,46.431213
2018.04.10,68,53,53.513935
2018.04.11,68,53,53.513935
2018.04.12,59,53,46.431213
2018.04.13,61,53,48.00515
2018.04.14,55,53,43.283333
2018.04.15,59,52,46.753971
2018.04.16,70,52,55.47081
2018.04.17,65,52,51.508606
2018.04.18,60,52,47.54641
2018.04.19,58,52,45.961529
2018.04.20,55,52,43.584209
2018.04.21,51,52,40.414448
2018.04.22,57,49,45.38625
2018.04.23,54,49,42.997498
2018.04.24,61,49,48.571247
2018.04.25,57,49,45.38625
2018.04.26,58,49,46.182499
2018.04.27,53,49,42.201248
2018.04.28,52,49,41.404999
2018.04.29,47,44,37.003258
2018.04.30,57,44,44.876289
2018.05.01,56,44,44.088985
2018.05.02,53,44,41.727077
2018.05.03,45,44,35.42865
2018.05.04,47,44,37.003258
2018.05.05,51,44,40.152466
2018.05.06,53,49,41.565044
2018.05.07,54,49,42.349293
2018.05.08,58,49,45.486279
2018.05.09,58,49,45.486279
2018.05.10,61,49,47.839016
2018.05.11,57,49,44.702034
2018.05.12,57,49,44.702034
2018.05.13,53,47,41.867203
2018.05.14,54,47,42.657146
2018.05.15,56,47,44.237041
2018.05.16,54,47,42.657146
2018.05.17,53,47,41.867203
2018.05.18,53,47,41.867203
2018.05.19,56,47,44.237041
2018.05.20,53,47,41.867203
2018.05.21,56,47,44.237041
2018.05.22,52,47,41.077255
2018.05.23,57,47,45.026989
2018.05.24,52,47,41.077255
2018.05.25,55,47,43.447098
2018.05.26,54,47,42.657146
2018.05.27,52,46,41.181187
2018.05.28,58,46,45.932861
2018.05.29,57,46,45.140915
2018.05.30,50,46,39.597294
2018.05.31,52,46,41.181187
2018.06.01,50,46,39.597294
2018.06.02,51,46,40.38924
2018.06.03,55,44,42.233974
2018.06.04,59,44,45.305534
2018.06.05,53,44,40.698193
2018.06.06,48,44,36.858742
2018.06.07,51,44,39.162411
2018.06.08,50,44,38.394524
2018.06.09,49,44,37.626629
2018.06.10,50,45,39.923397
2018.06.11,53,45,42.318802
2018.06.12,58,45,46.311142
2018.06.13,55,45,43.915741
2018.06.14,50,45,39.923397
2018.06.15,44,45,35.132591
2018.06.16,49,45,39.124931
2018.06.17,52,42,39.977238
2018.06.18,52,42,39.977238
2018.06.19,47,42,36.133274
2018.06.20,52,42,39.977238
2018.06.21,51,42,39.208447
2018.06.22,49,42,37.67086
2018.06.23,45,42,34.595688
2018.06.24,48,43,37.780685
2018.06.25,48,43,37.780685
2018.06.26,54,43,42.503273
2018.06.27,53,43,41.716175
2018.06.28,52,43,40.929077
2018.06.29,50,43,39.354881
2018.06.30,43,43,33.8452
2018.07.01,60,38,37.821873
2018.07.02,55,38,34.670052
2018.07.03,52,38,32.778957
2018.07.04,61,38,38.452236
2018.07.05,55,38,34.670052
2018.07.06,47,38,29.627132
2018.07.07,54,38,34.039688
2018.07.08,65,45,41.870224
2018.07.09,65,45,41.870224
2018.07.10,73,45,47.023479
2018.07.11,60,45,38.649441
2018.07.12,64,45,41.226067
2018.07.13,68,45,43.802692
2018.07.14,50,45,32.207863
2018.07.15,52,41,32.803959
2018.07.16,57,41,35.958187
2018.07.17,68,41,42.897484
2018.07.18,65,41,41.004951
2018.07.19,61,41,38.481567
2018.07.20,59,41,37.219879
2018.07.21,52,41,32.803959
2018.07.22,59,41,37.953274
2018.07.23,60,41,38.59655
2018.07.24,60,41,38.59655
2018.07.25,58,41,37.309998
2018.07.26,60,41,38.59655
2018.07.27,56,41,36.023445
2018.07.28,53,41,34.093616
2018.07.29,55,40,35.478481
2018.07.30,59,40,38.058731
2018.07.31,57,40,36.768608
2018.08.01,54,40,34.833416
2018.08.02,63,40,40.638985
2018.08.03,56,40,36.123543
2018.08.04,51,40,32.898224
2018.08.05,62,43,41.219463
2018.08.06,60,43,39.889805
2018.08.07,58,43,38.560146
2018.08.08,60,43,39.889805
2018.08.09,60,43,39.889805
2018.08.10,56,43,37.230484
2018.08.11,56,43,37.230484
2018.08.12,55,39,34.945396
2018.08.13,57,39,36.216137
2018.08.14,51,39,32.403912
2018.08.15,59,39,37.486877
2018.08.16,52,39,33.03928
2018.08.17,58,39,36.851505
2018.08.18,59,39,37.486877
2018.08.19,61,43,39.038574
2018.08.20,59,43,37.758621
2018.08.21,63,43,40.318527
2018.08.22,63,43,40.318527
2018.08.23,64,43,40.958504
2018.08.24,60,43,38.398598
2018.08.25,58,43,37.118641
2018.08.26,55,44,35.356419
2018.08.27,64,44,41.142017
2018.08.28,59,44,37.927799
2018.08.29,62,44,39.856327
2018.08.30,72,44,46.284767
2018.08.31,62,44,39.856327
2018.09.01,62,44,39.856327
2018.09.02,58,43,37.735817
2018.09.03,61,43,39.687672
2018.09.04,59,43,38.386436
2018.09.05,59,43,38.386436
2018.09.06,61,43,39.687672
2018.09.07,62,43,40.338291
2018.09.08,61,43,39.687672
2018.09.09,65,47,41.493282
2018.09.10,61,47,38.93985
2018.09.11,78,47,49.791939
2018.09.12,71,47,45.323429
2018.09.13,68,47,43.408356
2018.09.14,60,47,38.301491
2018.09.15,66,47,42.131641
2018.09.16,59,49,38.206787
2018.09.17,65,49,42.09222
2018.09.18,82,49,53.100956
2018.09.19,75,49,48.567947
2018.09.20,68,49,44.034939
2018.09.21,73,49,47.2728
2018.09.22,60,49,38.854359
2018.09.23,67,48,44.150688
2018.09.24,62,48,40.855862
2018.09.25,71,48,46.786552
2018.09.26,63,48,41.514828
2018.09.27,66,48,43.491726
2018.09.28,72,48,47.445515
2018.09.29,63,48,41.514828
2018.09.30,66,49,41.786163
2018.10.01,71,49,44.951782
2018.10.02,72,49,45.584904
2018.10.03,73,49,46.218029
2018.10.04,80,49,50.649895
2018.10.05,66,49,41.786163
2018.10.06,65,49,41.153038
2018.10.07,55,49,35.323353
2018.10.08,73,49,46.883724
2018.10.09,79,49,50.737179
2018.10.10,61,49,39.176811
2018.10.11,80,49,51.379425
2018.10.12,71,49,45.599239
2018.10.13,67,49,43.030266
2018.10.14,79,56,49.18129
2018.10.15,87,56,54.161674
2018.10.16,79,56,49.18129
2018.10.17,84,56,52.294029
2018.10.18,85,56,52.91658
2018.10.19,83,56,51.671486
2018.10.20,76,56,47.313644
2018.10.21,74,59,46.820572
2018.10.22,89,59,56.31123
2018.10.23,82,59,51.882256
2018.10.24,91,59,57.576649
2018.10.25,87,59,55.045811
2018.10.26,85,59,53.780384
2018.10.27,86,59,54.413097
2018.10.28,75,57,47.442074
2018.10.29,77,57,48.707195
2018.10.30,79,57,49.972317
2018.10.31,90,57,56.930485
2018.11.01,87,57,55.032803
2018.11.02,84,57,53.13512
2018.11.03,82,57,51.869999
2018.11.04,87,51,49.760014
2018.11.05,77,51,44.04047
2018.11.06,81,51,46.328289
2018.11.07,77,51,44.04047
2018.11.08,85,51,48.616104
2018.11.09,82,51,46.900242
2018.11.10,79,51,45.184376
2018.11.11,75,57,46.312496
2018.11.12,89,57,54.957497
2018.11.13,85,57,52.487495
2018.11.14,88,57,54.339996
2018.11.15,90,57,55.574997
2018.11.16,81,57,50.017494
2018.11.17,80,57,49.399998
2018.11.18,88,59,59.058998
2018.11.19,91,59,61.072376
2018.11.20,81,59,54.361122
2018.11.21,86,59,57.716747
2018.11.22,74,59,49.66325
2018.11.23,73,59,48.992126
2018.11.24,67,59,44.965374
2018.11.25,86,61,55.234737
2018.11.26,85,61,54.592476
2018.11.27,93,61,59.730591
2018.11.28,80,61,51.381153
2018.11.29,80,61,51.381153
2018.11.30,91,61,58.44606
2018.12.01,90,61,57.803799
2018.12.02,89,65,59.245098
2018.12.03,90,65,59.91077
2018.12.04,87,65,57.913746
2018.12.05,92,65,61.242126
2018.12.06,98,65,65.236176
2018.12.07,86,65,57.248074
2018.12.08,80,65,53.254021
2018.12.09,90,61,54.472427
2018.12.10,100,61,60.524918
2018.12.11,89,61,53.86718
2018.12.12,91,61,55.077675
2018.12.13,92,61,55.682926
2018.12.14,85,61,51.446182
2018.12.15,95,61,57.498676
2018.12.16,94,62,60.8596
2018.12.17,85,62,55.032619
2018.12.18,88,62,56.974945
2018.12.19,85,62,55.032619
2018.12.20,85,62,55.032619
2018.12.21,89,62,57.622387
2018.12.22,84,62,54.385174
2018.12.23,73,53,44.973595
2018.12.24,78,53,48.053978
2018.12.25,86,53,52.98259
2018.12.26,77,53,47.437901
2018.12.27,77,53,47.437901
2018.12.28,76,53,46.821823
2018.12.29,81,53,49.902206
2018.12.30,46,51,46.700062
2018.12.31,36,51,36.547874
2019.01.01,42,51,42.639187
2019.01.02,42,51,42.639187
2019.01.03,51,51,51.776157
2019.01.04,51,51,51.776157
2019.01.05,52,51,52.791374
2019.01.06,56,74,55.926437
2019.01.07,61,74,60.919872
2019.01.08,65,74,64.914619
2019.01.09,67,74,66.911987
2019.01.10,81,74,80.8936
2019.01.11,74,74,73.902794
2019.01.12,68,74,67.910675
2019.01.13,64,79,58.451397
2019.01.14,76,79,69.411034
2019.01.15,76,79,69.411034
2019.01.16,79,79,72.15094
2019.01.17,84,79,76.717461
2019.01.18,92,79,84.02388
2019.01.19,80,79,73.064247
2019.01.20,81,100,81
2019.01.21,96,100,96
2019.01.22,95,100,95
2019.01.23,100,100,100
2019.01.24,94,100,94
2019.01.25,88,100,88
2019.01.26,83,100,83
2019.01.27,77,83,71.926971
2019.01.28,90,83,84.070496
2019.01.29,85,83,79.39991
2019.01.30,84,83,78.465797
2019.01.31,77,83,71.926971
2019.02.01,76,83,70.992859
2019.02.02,77,83,71.926971
2019.02.03,72,74,67.20665
2019.02.04,76,74,70.940353
2019.02.05,76,74,70.940353
2019.02.06,86,74,80.274612
2019.02.07,70,74,65.339798
2019.02.08,66,74,61.606094
2019.02.09,59,74,55.072117
2019.02.10,61,70,58.620468
2019.02.11,64,70,61.503445
2019.02.12,76,70,73.035339
2019.02.13,65,70,62.464439
2019.02.14,67,70,64.386421
2019.02.15,69,70,66.308403
2019.02.16,62,70,59.581463
2019.02.17,72,75,69.350807
2019.02.18,68,75,65.497986
2019.02.19,68,75,65.497986
2019.02.20,74,75,71.277214
2019.02.21,74,75,71.277214
2019.02.22,70,75,67.424393
2019.02.23,70,75,67.424393
2019.02.24,74,78,69.767822
2019.02.25,75,78,70.710625
2019.02.26,85,78,80.13871
2019.02.27,76,78,71.653435
2019.02.28,68,78,64.11097
2019.03.01,87,78,82.02433
2019.03.02,62,78,58.454121
2019.03.03,68,78,67.438087
2019.03.04,64,78,63.471138
2019.03.05,73,78,72.396759
2019.03.06,75,78,74.380234
2019.03.07,69,78,68.429825
2019.03.08,76,78,75.371971
2019.03.09,76,78,75.371971
2019.03.10,74,66,66.053246
2019.03.11,69,66,61.590195
2019.03.12,68,66,60.697578
2019.03.13,67,66,59.80497
2019.03.14,69,66,61.590195
2019.03.15,64,66,57.127132
2019.03.16,60,66,53.556686
2019.03.17,60,62,58.509628
2019.03.18,58,62,56.559307
2019.03.19,62,62,60.459949
2019.03.20,64,62,62.410271
2019.03.21,55,62,53.633827
2019.03.22,52,62,50.708344
2019.03.23,54,62,52.658669
2019.03.24,58,59,54.907154
2019.03.25,58,59,54.907154
2019.03.26,56,59,53.013802
2019.03.27,57,59,53.960476
2019.03.28,60,59,56.800503
2019.03.29,59,59,55.853828
2019.03.30,49,59,46.387077
2019.03.31,55,56,53.459396
2019.04.01,51,56,49.571442
2019.04.02,50,56,48.599453
2019.04.03,57,56,55.403374
2019.04.04,50,56,48.599453
2019.04.05,54,56,52.487411
2019.04.06,50,56,48.599453
2019.04.07,51,52,47.992157
2019.04.08,50,52,47.051132
2019.04.09,53,52,49.874203
2019.04.10,50,52,47.051132
2019.04.11,50,52,47.051132
2019.04.12,51,52,47.992157
2019.04.13,47,52,44.228065
2019.04.14,53,56,53.40723
2019.04.15,52,56,52.399548
2019.04.16,51,56,51.391861
2019.04.17,51,56,51.391861
2019.04.18,50,56,50.384182
2019.04.19,47,56,47.361126
2019.04.20,50,56,50.384182
2019.04.21,51,47,46.269363
2019.04.22,51,47,46.269363
2019.04.23,44,47,39.918667
2019.04.24,46,47,41.73315
2019.04.25,48,47,43.547634
2019.04.26,46,47,41.73315
2019.04.27,44,47,39.918667
2019.04.28,45,47,44.759304
2019.04.29,43,47,42.769997
2019.04.30,41,47,40.780701
2019.05.01,39,47,38.791393
2019.05.02,39,47,38.791393
2019.05.03,49,47,48.737907
2019.05.04,45,47,44.759304
2019.05.05,46,50,44.941715
2019.05.06,50,50,48.849689
2019.05.07,45,50,43.964722
2019.05.08,44,50,42.987728
2019.05.09,49,50,47.872696
2019.05.10,48,50,46.895702
2019.05.11,44,50,42.987728
2019.05.12,50,52,50.340424
2019.05.13,49,52,49.333614
2019.05.14,47,52,47.32
2019.05.15,42,52,42.285957
2019.05.16,54,52,54.367657
2019.05.17,45,52,45.306381
2019.05.18,42,52,42.285957
2019.05.19,45,51,45.542519
2019.05.20,45,51,45.542519
2019.05.21,45,51,45.542519
2019.05.22,45,51,45.542519
2019.05.23,47,51,47.566631
2019.05.24,47,51,47.566631
2019.05.25,47,51,47.566631
2019.05.26,46,52,48.218479
2019.05.27,47,52,49.266708
2019.05.28,43,52,45.073795
2019.05.29,46,52,48.218479
2019.05.30,45,52,47.17025
2019.05.31,44,52,46.122025
2019.06.01,45,52,47.17025
2019.06.02,42,47,41.499603
2019.06.03,45,47,44.463863
2019.06.04,42,47,41.499603
2019.06.05,45,47,44.463863
2019.06.06,42,47,41.499603
2019.06.07,47,47,46.440033
2019.06.08,40,47,39.523434
2019.06.09,43,46,42.711388
2019.06.10,44,46,43.704678
2019.06.11,45,46,44.697964
2019.06.12,35,46,34.765087
2019.06.13,44,46,43.704678
2019.06.14,45,46,44.697964
2019.06.15,39,46,38.738235
2019.06.16,43,47,42.48769
2019.06.17,42,47,41.499603
2019.06.18,44,47,43.475777
2019.06.19,45,47,44.463863
2019.06.20,43,47,42.48769
2019.06.21,41,47,40.51152
2019.06.22,45,47,44.463863
2019.06.23,43,46,41.859997
2019.06.24,44,46,42.833488
2019.06.25,43,46,41.859997
2019.06.26,46,46,44.780464
2019.06.27,42,46,40.886509
2019.06.28,44,46,42.833488
2019.06.29,39,46,37.966045
2019.06.30,38,49,39.405113
2019.07.01,40,49,41.479069
2019.07.02,41,49,42.516045
2019.07.03,44,49,45.626976
2019.07.04,50,49,51.848835
2019.07.05,45,49,46.663952
2019.07.06,43,49,44.589996
2019.07.07,49,46,42.105511
2019.07.08,50,46,42.964809
2019.07.09,49,46,42.105511
2019.07.10,52,46,44.683399
2019.07.11,48,46,41.246216
2019.07.12,52,46,44.683399
2019.07.13,41,46,35.23114
2019.07.14,44,45,38.453045
2019.07.15,42,45,36.705181
2019.07.16,53,45,46.318439
2019.07.17,51,45,44.570576
2019.07.18,46,45,40.200912
2019.07.19,51,45,44.570576
2019.07.20,41,45,35.831249
2019.07.21,46,42,39.827961
2019.07.22,45,42,38.962132
2019.07.23,46,42,39.827961
2019.07.24,47,42,40.693783
2019.07.25,42,42,36.364658
2019.07.26,42,42,36.364658
2019.07.27,41,42,35.498833
2019.07.28,49,42,41.354763
2019.07.29,47,42,39.666813
2019.07.30,46,42,38.822838
2019.07.31,49,42,41.354763
2019.08.01,46,42,38.822838
2019.08.02,43,42,36.290913
2019.08.03,37,42,31.227064
2019.08.04,40,40,34.43243
2019.08.05,45,40,38.736488
2019.08.06,42,40,36.154057
2019.08.07,43,40,37.014866
2019.08.08,44,40,37.875675
2019.08.09,42,40,36.154057
2019.08.10,40,40,34.43243
2019.08.11,47,37,39.142864
2019.08.12,40,37,33.313076
2019.08.13,42,37,34.978729
2019.08.14,37,37,30.814596
2019.08.15,35,37,29.148939
2019.08.16,38,37,31.647419
2019.08.17,44,37,36.644382
2019.08.18,46,43,39.374561
2019.08.19,45,43,38.518589
2019.08.20,46,43,39.374561
2019.08.21,49,43,41.942463
2019.08.22,47,43,40.23053
2019.08.23,47,43,40.23053
2019.08.24,40,43,34.23875
2019.08.25,48,49,41.387402
2019.08.26,52,49,44.836353
2019.08.27,51,49,43.974113
2019.08.28,53,49,45.698589
2019.08.29,55,49,47.423065
2019.08.30,51,49,43.974113
2019.08.31,52,49,44.836353
2019.09.01,44,44,37.257767
2019.09.02,46,44,38.951298
2019.09.03,51,44,43.185135
2019.09.04,49,44,41.491604
2019.09.05,50,44,42.338367
2019.09.06,41,44,34.717461
2019.09.07,50,44,42.338367
2019.09.08,47,46,40.505703
2019.09.09,51,46,43.952999
2019.09.10,50,46,43.091175
2019.09.11,48,46,41.367527
2019.09.12,49,46,42.229351
2019.09.13,53,46,45.676643
2019.09.14,42,46,36.196587
2019.09.15,45,46,39.127296
2019.09.16,49,46,42.605282
2019.09.17,45,46,39.127296
2019.09.18,49,46,42.605282
2019.09.19,51,46,44.344273
2019.09.20,48,46,41.735786
2019.09.21,50,46,43.474777
2019.09.22,47,47,39.637547
2019.09.23,50,47,42.167603
2019.09.24,49,47,41.324249
2019.09.25,51,47,43.010956
2019.09.26,55,47,46.384365
2019.09.27,48,47,40.480896
2019.09.28,55,47,46.384365
2019.09.29,51,48,42.84
2019.09.30,51,48,42.84
2019.10.01,52,48,43.68
2019.10.02,52,48,43.68
2019.10.03,53,48,44.519997
2019.10.04,53,48,44.519997
2019.10.05,52,48,43.68
2019.10.06,66,46,53.720329
2019.10.07,53,46,43.139053
2019.10.08,54,46,43.953003
2019.10.09,54,46,43.953003
2019.10.10,52,46,42.325111
2019.10.11,42,46,34.185665
2019.10.12,39,46,31.743834
2019.10.13,48,51,39.578072
2019.10.14,56,51,46.174416
2019.10.15,64,51,52.77076
2019.10.16,58,51,47.823502
2019.10.17,59,51,48.648045
2019.10.18,57,51,46.998959
2019.10.19,52,51,42.876244
2019.10.20,58,58,49.834141
2019.10.21,60,58,51.552559
2019.10.22,66,58,56.707813
2019.10.23,64,58,54.989395
2019.10.24,65,58,55.848606
2019.10.25,54,58,46.397305
2019.10.26,63,58,54.130184
2019.10.27,65,69,64.201004
2019.10.28,62,69,61.237885
2019.10.29,72,69,71.11496
2019.10.30,62,69,61.237885
2019.10.31,71,69,70.127251
2019.11.01,55,69,54.323925
2019.11.02,58,69,57.287048
2019.11.03,61,63,50.370182
2019.11.04,74,63,61.104813
2019.11.05,71,63,58.62759
2019.11.06,73,63,60.279068
2019.11.07,73,63,60.279068
2019.11.08,66,63,54.498886
2019.11.09,68,63,56.150368
2019.11.10,68,66,58.225166
2019.11.11,71,66,60.793922
2019.11.12,78,66,66.787697
2019.11.13,72,66,61.650181
2019.11.14,74,66,63.362686
2019.11.15,64,66,54.800156
2019.11.16,64,66,54.800156
2019.11.17,74,62,55.880608
2019.11.18,69,62,52.104893
2019.11.19,81,62,61.166611
2019.11.20,77,62,58.146038
2019.11.21,81,62,61.166611
2019.11.22,70,62,52.860035
2019.11.23,71,62,53.615181
2019.11.24,76,67,63.850475
2019.11.25,74,67,62.170197
2019.11.26,75,67,63.010334
2019.11.27,73,67,61.330063
2019.11.28,75,67,63.010334
2019.11.29,68,67,57.129372
2019.11.30,67,67,56.28923
2019.12.01,70,68,55.737499
2019.12.02,80,68,63.699997
2019.12.03,85,68,67.681244
2019.12.04,70,68,55.737499
2019.12.05,80,68,63.699997
2019.12.06,82,68,65.292496
2019.12.07,77,68,61.311249
2019.12.08,100,81,86.138565
2019.12.09,88,81,75.801941
2019.12.10,86,81,74.079163
2019.12.11,87,81,74.940552
2019.12.12,79,81,68.049461
2019.12.13,80,81,68.910851
2019.12.14,79,81,68.049461
2019.12.15,94,79,76.296165
2019.12.16,94,79,76.296165
2019.12.17,90,79,73.049522
2019.12.18,89,79,72.237854
2019.12.19,87,79,70.614532
2019.12.20,86,79,69.802872
2019.12.21,80,79,64.932907
2019.12.22,76,67,58.44331
2019.12.23,74,67,56.905331
2019.12.24,71,67,54.598354
2019.12.25,93,67,71.516159
2019.12.26,87,67,66.902214
2019.12.27,80,67,61.519272
2019.12.28,74,67,56.905331
2019.12.29,69,64,55.924297
2019.12.30,77,64,62.408272
2019.12.31,78,64,63.218769
2020.01.01,66,64,53.492802
2020.01.02,66,64,53.492802
2020.01.03,66,64,53.492802
2020.01.04,81,64,65.650261
